datetime,equity,price,signal,position,returns,cummax,drawdown
01-01-2024 09:15,10000,21510.67935,0,0,,10000,0
01-01-2024 09:16,10000,21507.7052,0,0,0,10000,0
01-01-2024 09:17,10000,21521.63549,0,0,0,10000,0
01-01-2024 09:18,10000,21554.41358,0,0,0,10000,0
01-01-2024 09:19,10000,21549.36654,0,0,0,10000,0
01-01-2024 09:20,10000,21544.32104,0,0,0,10000,0
01-01-2024 09:21,10000,21578.34411,0,0,0,10000,0
01-01-2024 09:22,10000,21594.90408,0,0,0,10000,0
01-01-2024 09:23,10000,21584.76583,0,0,0,10000,0
01-01-2024 09:24,10000,21596.47686,0,0,0,10000,0
01-01-2024 09:25,10000,21586.46867,0,0,0,10000,0
01-01-2024 09:26,10000,21576.41521,0,0,0,10000,0
01-01-2024 09:27,10000,21581.63588,0,0,0,10000,0
01-01-2024 09:28,10000,21540.34417,0,0,0,10000,0
01-01-2024 09:29,10000,21503.18884,0,0,0,10000,0
01-01-2024 09:30,10000,21491.09787,0,0,0,10000,0
01-01-2024 09:31,10000,21469.33102,0,0,0,10000,0
01-01-2024 09:32,10000,21476.0777,0,0,0,10000,0
01-01-2024 09:33,10000,21456.5769,0,0,0,10000,0
01-01-2024 09:34,10000,21426.2737,0,0,0,10000,0
01-01-2024 09:35,10000,21457.67709,0,0,0,10000,0
01-01-2024 09:36,10000,21452.83245,0,0,0,10000,0
01-01-2024 09:37,10000,21454.28113,0,0,0,10000,0
01-01-2024 09:38,10000,21423.71418,0,0,0,10000,0
01-01-2024 09:39,10000,21412.05148,0,0,0,10000,0
01-01-2024 09:40,10000,21414.42656,0,0,0,10000,0
01-01-2024 09:41,10000,21389.77869,0,0,0,10000,0
01-01-2024 09:42,10000,21397.81479,0,0,0,10000,0
01-01-2024 09:43,10000,21384.96243,0,0,0,10000,0
01-01-2024 09:44,10000,21378.72457,0,0,0,10000,0
01-01-2024 09:45,10000,21365.86085,0,0,0,10000,0
01-01-2024 09:46,10000,21405.43637,0,0,0,10000,0
01-01-2024 09:47,10000,21405.14746,0,0,0,10000,0
01-01-2024 09:48,10000,21382.507,0,0,0,10000,0
01-01-2024 09:49,10000,21400.09507,0,0,0,10000,0
01-01-2024 09:50,10000,21373.9689,0,0,0,10000,0
01-01-2024 09:51,10000,21378.43314,0,0,0,10000,0
01-01-2024 09:52,10000,21336.53847,0,0,0,10000,0
01-01-2024 09:53,10000,21308.19957,0,0,0,10000,0
01-01-2024 09:54,10000,21312.39433,0,0,0,10000,0
01-01-2024 09:55,10000,21328.13282,0,0,0,10000,0
01-01-2024 09:56,10000,21331.78779,0,0,0,10000,0
01-01-2024 09:57,10000,21329.3208,0,0,0,10000,0
01-01-2024 09:58,10000,21322.89847,0,0,0,10000,0
01-01-2024 09:59,10000,21291.37209,0,0,0,10000,0
01-01-2024 10:00,10000,21276.04562,0,0,0,10000,0
01-01-2024 10:01,10000,21266.24505,0,0,0,10000,0
01-01-2024 10:02,10000,21288.72607,0,0,0,10000,0
01-01-2024 10:03,10000,21296.04127,0,0,0,10000,0
01-01-2024 10:04,10000,21258.49549,0,0,0,10000,0
01-01-2024 10:05,10000,21265.38503,0,0,0,10000,0
01-01-2024 10:06,10000,21257.19611,0,0,0,10000,0
01-01-2024 10:07,10000,21242.80664,0,0,0,10000,0
01-01-2024 10:08,10000,21255.80036,0,0,0,10000,0
01-01-2024 10:09,10000,21277.71508,0,0,0,10000,0
01-01-2024 10:10,10000,21297.5306,0,0,0,10000,0
01-01-2024 10:11,10000,21279.65734,0,0,0,10000,0
01-01-2024 10:12,10000,21273.0774,0,0,0,10000,0
01-01-2024 10:13,10000,21280.12439,0,0,0,10000,0
01-01-2024 10:14,10000,21300.88412,0,0,0,10000,0
01-01-2024 10:15,10000,21290.67728,0,0,0,10000,0
01-01-2024 10:16,10000,21286.72448,0,0,0,10000,0
01-01-2024 10:17,10000,21263.17423,0,0,0,10000,0
01-01-2024 10:18,10000,21237.73908,0,0,0,10000,0
01-01-2024 10:19,10000,21254.99529,0,0,0,10000,0
01-01-2024 10:20,10000,21283.82216,0,0,0,10000,0
01-01-2024 10:21,10000,21282.28951,0,0,0,10000,0
01-01-2024 10:22,10000,21303.64699,0,0,0,10000,0
01-01-2024 10:23,10000,21311.35116,0,0,0,10000,0
01-01-2024 10:24,10000,21297.60278,0,0,0,10000,0
01-01-2024 10:25,10000,21305.29964,-1,0,0,10000,0
01-01-2024 10:26,9981.619634,21338.06797,-1,-1,-0.001838037,10000,-0.183803657
01-01-2024 10:27,9981.978446,21337.30352,-1,-1,3.59E-05,10000,-0.180215543
01-01-2024 10:28,9966.308506,21370.68879,-1,-1,-0.001569823,10000,-0.336914942
01-01-2024 10:29,9992.586361,21314.70304,-1,-1,0.002636669,10000,-0.074136393
01-01-2024 10:30,9984.363708,21332.22164,-1,-1,-0.000822875,10000,-0.156362919
01-01-2024 10:31,9983.492137,21334.07855,-1,-1,-8.73E-05,10000,-0.165078625
01-01-2024 10:32,9986.48625,21327.6995,-1,-1,0.000299906,10000,-0.135137501
01-01-2024 10:33,9985.567677,21329.65655,-1,-1,-9.20E-05,10000,-0.144323226
01-01-2024 10:34,10005.46609,21287.26239,-1,-1,0.001992717,10005.46609,0
01-01-2024 10:35,10007.66095,21282.58618,-1,-1,0.000219366,10007.66095,0
01-01-2024 10:36,10004.09363,21290.18645,-1,-1,-0.000356459,10007.66095,-0.035645877
01-01-2024 10:37,9989.325173,21321.65109,-1,-1,-0.001476241,10007.66095,-0.183217392
01-01-2024 10:38,9994.511853,21310.60072,-1,-1,0.000519222,10007.66095,-0.131390298
01-01-2024 10:39,10002.5988,21293.37123,-1,-1,0.000809139,10007.66095,-0.050582728
01-01-2024 10:40,10007.61356,21282.68713,-1,-1,0.000501346,10007.66095,-0.000473504
01-01-2024 10:41,9998.469256,21302.16935,-1,-1,-0.000913735,10007.66095,-0.091846559
01-01-2024 10:42,9995.182228,21309.17246,-1,-1,-0.000328753,10007.66095,-0.124691677
01-01-2024 10:43,10000.48079,21297.88371,-1,-1,0.000530112,10007.66095,-0.071746588
01-01-2024 10:44,9995.349905,21308.81522,-1,-1,-0.000513064,10007.66095,-0.123016188
01-01-2024 10:45,9994.37897,21310.88383,-1,-1,-9.71E-05,10007.66095,-0.132718112
01-01-2024 10:46,9984.689981,21331.52651,-1,-1,-0.000969444,10007.66095,-0.22953383
01-01-2024 10:47,9991.719154,21316.55065,-1,-1,0.000703995,10007.66095,-0.159295906
01-01-2024 10:48,9994.997506,21309.56602,-1,-1,0.000328107,10007.66095,-0.126537484
01-01-2024 10:49,9998.919373,21301.21036,-1,-1,0.000392383,10007.66095,-0.087348839
01-01-2024 10:50,10013.55171,21270.03572,-1,-1,0.001463392,10013.55171,0
01-01-2024 10:51,10010.59541,21276.33421,-1,-1,-0.00029523,10013.55171,-0.029523006
01-01-2024 10:52,10007.98841,21281.88851,-1,-1,-0.000260424,10013.55171,-0.05555776
01-01-2024 10:53,10007.93733,21281.99734,-1,-1,-5.10E-06,10013.55171,-0.056067853
01-01-2024 10:54,10010.28064,21277.00485,-1,-1,0.000234145,10013.55171,-0.03266651
01-01-2024 10:55,10024.41555,21246.89,1,-1,0.001412039,10024.41555,0
01-01-2024 10:56,10014.19366,21237.9526,1,1,-0.001019699,10024.41555,-0.101969897
01-01-2024 10:57,10010.76062,21230.67404,1,1,-0.000342817,10024.41555,-0.136216681
01-01-2024 10:58,10002.7268,21213.64116,1,1,-0.000802518,10024.41555,-0.216359185
01-01-2024 10:59,10001.11302,21210.2197,1,1,-0.000161334,10024.41555,-0.232457698
01-01-2024 11:00,10005.15519,21218.78971,1,1,0.000404172,10024.41555,-0.192134419
01-01-2024 11:01,10024.03245,21258.81229,1,1,0.001886753,10024.41555,-0.003821662
01-01-2024 11:02,10025.78294,21262.52361,1,1,0.00017463,10025.78294,0
01-01-2024 11:03,10028.36586,21267.99978,1,1,0.000257628,10028.36586,0
01-01-2024 11:04,10027.61907,21266.41646,1,1,-7.45E-05,10028.36586,-0.007446823
01-01-2024 11:05,10008.37259,21225.61107,1,1,-0.001919346,10028.36586,-0.199367179
01-01-2024 11:06,10008.10715,21225.0483,1,1,-2.65E-05,10028.36586,-0.202014076
01-01-2024 11:07,10008.71012,21226.32669,1,1,6.02E-05,10028.36586,-0.196001417
01-01-2024 11:08,10033.37141,21278.61227,1,1,0.002463982,10033.37141,0
01-01-2024 11:09,10031.4408,21274.5191,1,1,-0.000192419,10033.37141,-0.01924186
01-01-2024 11:10,10034.46666,21280.93437,1,1,0.000301638,10034.46666,0
01-01-2024 11:11,10034.11824,21280.19567,1,1,-3.47E-05,10034.46666,-0.003472217
01-01-2024 11:12,10022.38807,21255.32598,1,1,-0.001169028,10034.46666,-0.120370978
01-01-2024 11:13,10033.84532,21279.61705,1,1,0.001143166,10034.46666,-0.006192019
01-01-2024 11:14,10041.39236,21295.61789,1,1,0.000752158,10041.39236,0
01-01-2024 11:15,10049.3378,21312.46341,1,1,0.000791269,10049.3378,0
01-01-2024 11:16,10040.19633,21293.08212,1,1,-0.00090966,10049.3378,-0.090965951
01-01-2024 11:17,10054.28488,21322.95194,1,1,0.001403214,10054.28488,0
01-01-2024 11:18,10040.18605,21293.06033,1,1,-0.00140227,10054.28488,-0.140227024
01-01-2024 11:19,10046.07997,21305.55632,1,1,0.000587033,10054.28488,-0.08160606
01-01-2024 11:20,10068.09205,21352.22519,1,1,0.002191111,10068.09205,0
01-01-2024 11:21,10058.11626,21331.07504,1,1,-0.000990832,10068.09205,-0.099083211
01-01-2024 11:22,10052.41867,21318.9953,1,1,-0.000566467,10068.09205,-0.155673783
01-01-2024 11:23,10053.42071,21321.11976,1,1,9.97E-05,10068.09205,-0.145721184
01-01-2024 11:24,10048.35754,21310.3851,1,1,-0.000503626,10068.09205,-0.196010417
01-01-2024 11:25,10032.77126,21277.33987,1,1,-0.001551127,10068.09205,-0.350819118
01-01-2024 11:26,10033.45934,21278.7987,1,1,6.86E-05,10068.09205,-0.343984826
01-01-2024 11:27,10022.79756,21256.19416,1,1,-0.001062622,10068.09205,-0.449881503
01-01-2024 11:28,10027.54571,21266.26093,1,1,0.000473734,10068.09205,-0.402721178
01-01-2024 11:29,10018.32338,21246.70821,1,1,-0.0009197,10068.09205,-0.494320785
01-01-2024 11:30,10033.85578,21279.63922,1,1,0.0015504,10068.09205,-0.340047227
01-01-2024 11:31,10025.99438,21262.97187,1,1,-0.000783488,10068.09205,-0.418129602
01-01-2024 11:32,10022.76442,21256.12388,1,1,-0.000322158,10068.09205,-0.450210707
01-01-2024 11:33,10030.92056,21273.41611,1,1,0.000813761,10068.09205,-0.369200947
01-01-2024 11:34,10018.57015,21247.23142,1,1,-0.001231233,10068.09205,-0.491869697
01-01-2024 11:35,10020.84966,21252.06431,0.5,1,0.000227528,10068.09205,-0.469228792
01-01-2024 11:36,10022.88794,21279.84379,0.5,0.5,0.000203403,10068.09205,-0.448983899
01-01-2024 11:37,10014.82565,21245.6368,0.5,0.5,-0.000804387,10068.09205,-0.529061458
01-01-2024 11:38,10015.75019,21249.55947,0.5,0.5,9.23E-05,10068.09205,-0.519878617
01-01-2024 11:39,10017.05177,21255.08186,0.5,0.5,0.000129953,10068.09205,-0.506950854
01-01-2024 11:40,10020.96842,21271.69957,0.5,0.5,0.000390998,10068.09205,-0.468049287
01-01-2024 11:41,10014.7669,21245.38753,0.5,0.5,-0.000618854,10068.09205,-0.529645005
01-01-2024 11:42,10008.15492,21217.33391,0.5,0.5,-0.000660224,10068.09205,-0.595317684
01-01-2024 11:43,10010.76501,21228.40812,0.5,0.5,0.000260797,10068.09205,-0.569393289
01-01-2024 11:44,10012.25093,21234.71263,0.5,0.5,0.000148432,10068.09205,-0.554634613
01-01-2024 11:45,10013.5046,21240.03178,0,0.5,0.000125214,10068.09205,-0.542182654
01-01-2024 11:46,10012.00192,21247.39035,0,0,-0.000150065,10068.09205,-0.557107791
01-01-2024 11:47,10012.00192,21232.9416,0,0,0,10068.09205,-0.557107791
01-01-2024 11:48,10012.00192,21237.87303,0,0,0,10068.09205,-0.557107791
01-01-2024 11:49,10012.00192,21244.09726,0,0,0,10068.09205,-0.557107791
01-01-2024 11:50,10012.00192,21228.92151,0,0,0,10068.09205,-0.557107791
01-01-2024 11:51,10012.00192,21268.52989,0,0,0,10068.09205,-0.557107791
01-01-2024 11:52,10012.00192,21278.60762,0,0,0,10068.09205,-0.557107791
01-01-2024 11:53,10012.00192,21253.25834,0,0,0,10068.09205,-0.557107791
01-01-2024 11:54,10012.00192,21267.21225,0,0,0,10068.09205,-0.557107791
01-01-2024 11:55,10012.00192,21246.48348,0,0,0,10068.09205,-0.557107791
01-01-2024 11:56,10012.00192,21263.20626,0,0,0,10068.09205,-0.557107791
01-01-2024 11:57,10012.00192,21287.84172,0,0,0,10068.09205,-0.557107791
01-01-2024 11:58,10012.00192,21270.37117,0,0,0,10068.09205,-0.557107791
01-01-2024 11:59,10012.00192,21290.86253,0,0,0,10068.09205,-0.557107791
01-01-2024 12:00,10012.00192,21299.651,0,0,0,10068.09205,-0.557107791
01-01-2024 12:01,10012.00192,21317.16059,0,0,0,10068.09205,-0.557107791
01-01-2024 12:02,10012.00192,21357.59483,0,0,0,10068.09205,-0.557107791
01-01-2024 12:03,10012.00192,21352.35393,0,0,0,10068.09205,-0.557107791
01-01-2024 12:04,10012.00192,21336.25989,0,0,0,10068.09205,-0.557107791
01-01-2024 12:05,10012.00192,21317.28098,-1,0,0,10068.09205,-0.557107791
01-01-2024 12:06,10017.16622,21299.89012,-1,-1,0.00051581,10068.09205,-0.505814124
01-01-2024 12:07,10017.93753,21298.24786,-1,-1,7.70E-05,10068.09205,-0.498153162
01-01-2024 12:08,10014.52496,21305.5138,-1,-1,-0.000340645,10068.09205,-0.532048011
01-01-2024 12:09,10011.75627,21311.40884,-1,-1,-0.000276468,10068.09205,-0.559547757
01-01-2024 12:10,10003.47679,21329.03728,-1,-1,-0.000826976,10068.09205,-0.641782592
01-01-2024 12:11,10003.34654,21329.3146,-1,-1,-1.30E-05,10068.09205,-0.643076251
01-01-2024 12:12,9988.785538,21360.31749,-1,-1,-0.001455613,10068.09205,-0.787701479
01-01-2024 12:13,9991.440633,21354.66433,-1,-1,0.000265808,10068.09205,-0.761330105
01-01-2024 12:14,9964.158534,21412.75263,-1,-1,-0.002730547,10068.09205,-1.032305963
01-01-2024 12:15,9957.866296,21426.14989,-1,-1,-0.000631487,10068.09205,-1.094802784
01-01-2024 12:16,9966.491988,21407.78431,-1,-1,0.000866219,10068.09205,-1.00912924
01-01-2024 12:17,9977.259285,21384.85887,-1,-1,0.00108035,10068.09205,-0.902184474
01-01-2024 12:18,9972.413457,21395.17647,-1,-1,-0.000485687,10068.09205,-0.950315023
01-01-2024 12:19,9974.658942,21390.39545,-1,-1,0.00022517,10068.09205,-0.928012036
01-01-2024 12:20,9967.48585,21405.6682,-1,-1,-0.000719132,10068.09205,-0.999257836
01-01-2024 12:21,9962.728148,21415.79817,-1,-1,-0.000477322,10068.09205,-1.046513078
01-01-2024 12:22,9963.460681,21414.23848,-1,-1,7.35E-05,10068.09205,-1.03923729
01-01-2024 12:23,9971.977343,21396.10504,-1,-1,0.000854789,10068.09205,-0.954646672
01-01-2024 12:24,9987.200077,21363.69321,-1,-1,0.001526551,10068.09205,-0.803448864
01-01-2024 12:25,9991.680319,21354.154,-1,-1,0.000448598,10068.09205,-0.758949451
01-01-2024 12:26,9983.091222,21372.44167,-1,-1,-0.000859625,10068.09205,-0.844259533
01-01-2024 12:27,9980.942168,21377.01738,-1,-1,-0.000215269,10068.09205,-0.865604724
01-01-2024 12:28,9993.449458,21350.3872,-1,-1,0.001253117,10068.09205,-0.741377714
01-01-2024 12:29,9991.712877,21354.08468,-1,-1,-0.000173772,10068.09205,-0.758626072
01-01-2024 12:30,9987.848418,21362.31278,-1,-1,-0.000386766,10068.09205,-0.7970093
01-01-2024 12:31,9996.716294,21343.43154,-1,-1,0.000887866,10068.09205,-0.70893029
01-01-2024 12:32,9995.17531,21346.71256,-1,-1,-0.000154149,10068.09205,-0.724235912
01-01-2024 12:33,9994.59172,21347.95512,-1,-1,-5.84E-05,10068.09205,-0.730032347
01-01-2024 12:34,10006.05161,21323.55505,-1,-1,0.001146609,10068.09205,-0.616208525
01-01-2024 12:35,10002.46838,21331.18434,1,-1,-0.000358105,10068.09205,-0.651798407
01-01-2024 12:36,10002.07249,21343.14654,1,1,-3.96E-05,10068.09205,-0.65573058
01-01-2024 12:37,10012.9085,21366.26226,1,1,0.001083376,10068.09205,-0.548103376
01-01-2024 12:38,10023.46328,21388.77807,1,1,0.001054118,10068.09205,-0.443269365
01-01-2024 12:39,10009.65013,21359.31141,1,1,-0.001378082,10068.09205,-0.580466671
01-01-2024 12:40,10000.26002,21339.28011,1,1,-0.000938106,10068.09205,-0.673732742
01-01-2024 12:41,10005.41205,21350.27059,1,1,0.00051519,10068.09205,-0.622560866
01-01-2024 12:42,10010.55423,21361.24006,1,1,0.00051394,10068.09205,-0.571486825
01-01-2024 12:43,10015.71169,21372.24212,1,1,0.000515202,10068.09205,-0.520261053
01-01-2024 12:44,10054.31109,21454.58363,1,1,0.003853885,10068.09205,-0.136877536
01-01-2024 12:45,10060.05272,21466.83185,1,1,0.000571061,10068.09205,-0.079849617
01-01-2024 12:46,10071.47997,21491.20885,1,1,0.001135904,10071.47997,0
01-01-2024 12:47,10081.09104,21511.7115,1,1,0.000954286,10081.09104,0
01-01-2024 12:48,10087.65973,21525.72404,1,1,0.000651585,10087.65973,0
01-01-2024 12:49,10084.47846,21518.93764,1,1,-0.000315363,10087.65973,-0.0315363
01-01-2024 12:50,10092.13454,21535.26985,1,1,0.000759195,10092.13454,0
01-01-2024 12:51,10084.33277,21518.62685,1,1,-0.000773055,10092.13454,-0.077305493
01-01-2024 12:52,10081.9439,21513.53084,1,1,-0.000236889,10092.13454,-0.100976086
01-01-2024 12:53,10077.04904,21503.08896,1,1,-0.000485508,10092.13454,-0.149477858
01-01-2024 12:54,10077.87433,21504.8495,1,1,8.19E-05,10092.13454,-0.141300249
01-01-2024 12:55,10101.20811,21554.62589,1,1,0.002315348,10101.20811,0
01-01-2024 12:56,10082.34088,21514.37768,1,1,-0.00186782,10101.20811,-0.186781973
01-01-2024 12:57,10089.26205,21529.14215,1,1,0.000686464,10101.20811,-0.118263755
01-01-2024 12:58,10072.98609,21494.42176,1,1,-0.001613195,10101.20811,-0.27939251
01-01-2024 12:59,10068.23092,21484.27785,1,1,-0.000472072,10101.20811,-0.326467858
01-01-2024 13:00,10079.19799,21507.67317,1,1,0.001089275,10101.20811,-0.217895966
01-01-2024 13:01,10079.84607,21509.05568,1,1,6.43E-05,10101.20811,-0.211480061
01-01-2024 13:02,10068.97934,21485.87441,1,1,-0.001078066,10101.20811,-0.319058624
01-01-2024 13:03,10061.77481,21470.50549,1,1,-0.000715517,10101.20811,-0.390382014
01-01-2024 13:04,10068.61481,21485.09679,1,1,0.0006798,10101.20811,-0.32266736
01-01-2024 13:05,10061.25884,21469.4048,1,1,-0.000730584,10101.20811,-0.395490048
01-01-2024 13:06,10063.43734,21474.05203,1,1,0.000216523,10101.20811,-0.373923368
01-01-2024 13:07,10063.89608,21475.03064,1,1,4.56E-05,10101.20811,-0.369381871
01-01-2024 13:08,10057.33649,21461.03751,1,1,-0.000651795,10101.20811,-0.434320567
01-01-2024 13:09,10078.90529,21507.04877,1,1,0.002144584,10101.20811,-0.220793647
01-01-2024 13:10,10085.2964,21520.6825,1,1,0.000634108,10101.20811,-0.157522884
01-01-2024 13:11,10064.86616,21477.10005,1,1,-0.002025745,10101.20811,-0.359778278
01-01-2024 13:12,10066.74336,21481.10455,1,1,0.00018651,10101.20811,-0.341194392
01-01-2024 13:13,10060.07934,21466.88864,1,1,-0.000661984,10101.20811,-0.407166894
01-01-2024 13:14,10068.65744,21485.18773,1,1,0.000852688,10101.20811,-0.322245328
01-01-2024 13:15,10060.67545,21468.16028,0.5,1,-0.000792757,10101.20811,-0.401265552
01-01-2024 13:16,10055.58996,21465.6971,0.5,0.5,-0.000505481,10101.20811,-0.451610834
01-01-2024 13:17,10058.12917,21476.537,0.5,0.5,0.000252517,10101.20811,-0.42647317
01-01-2024 13:18,10062.48461,21495.13042,0.5,0.5,0.000433027,10101.20811,-0.383355147
01-01-2024 13:19,10056.44093,21469.3299,0.5,0.5,-0.000600615,10101.20811,-0.443186396
01-01-2024 13:20,10054.75869,21462.14838,0.5,0.5,-0.00016728,10101.20811,-0.459840286
01-01-2024 13:21,10052.37094,21451.95503,0.5,0.5,-0.000237475,10101.20811,-0.483478588
01-01-2024 13:22,10049.08793,21437.93984,0.5,0.5,-0.00032659,10101.20811,-0.515979718
01-01-2024 13:23,10057.95361,21475.78754,0.5,0.5,0.000882238,10101.20811,-0.428211153
01-01-2024 13:24,10059.99092,21484.48485,0.5,0.5,0.000202557,10101.20811,-0.408042171
01-01-2024 13:25,10053.64532,21457.3954,0,0.5,-0.000630776,10101.20811,-0.470862404
01-01-2024 13:26,10052.13667,21477.09033,0,0,-0.00015006,10101.20811,-0.485797759
01-01-2024 13:27,10052.13667,21522.66807,0,0,0,10101.20811,-0.485797759
01-01-2024 13:28,10052.13667,21544.88948,0,0,0,10101.20811,-0.485797759
01-01-2024 13:29,10052.13667,21512.15482,0,0,0,10101.20811,-0.485797759
01-01-2024 13:30,10052.13667,21501.7379,0,0,0,10101.20811,-0.485797759
01-01-2024 13:31,10052.13667,21528.97869,0,0,0,10101.20811,-0.485797759
01-01-2024 13:32,10052.13667,21513.74329,0,0,0,10101.20811,-0.485797759
01-01-2024 13:33,10052.13667,21523.29151,0,0,0,10101.20811,-0.485797759
01-01-2024 13:34,10052.13667,21539.96418,0,0,0,10101.20811,-0.485797759
01-01-2024 13:35,10052.13667,21519.99813,0,0,0,10101.20811,-0.485797759
01-01-2024 13:36,10052.13667,21518.71715,0,0,0,10101.20811,-0.485797759
01-01-2024 13:37,10052.13667,21448.96923,0,0,0,10101.20811,-0.485797759
01-01-2024 13:38,10052.13667,21426.99717,0,0,0,10101.20811,-0.485797759
01-01-2024 13:39,10052.13667,21421.5854,0,0,0,10101.20811,-0.485797759
01-01-2024 13:40,10052.13667,21394.8559,0,0,0,10101.20811,-0.485797759
01-01-2024 13:41,10052.13667,21429.78111,0,0,0,10101.20811,-0.485797759
01-01-2024 13:42,10052.13667,21399.13349,0,0,0,10101.20811,-0.485797759
01-01-2024 13:43,10052.13667,21389.71692,0,0,0,10101.20811,-0.485797759
01-01-2024 13:44,10052.13667,21392.51342,0,0,0,10101.20811,-0.485797759
01-01-2024 13:45,10052.13667,21423.34588,-1,0,0,10101.20811,-0.485797759
01-01-2024 13:46,10063.55451,21392.58491,-1,-1,0.001135862,10101.20811,-0.372763344
01-01-2024 13:47,10051.87902,21417.46799,-1,-1,-0.001160176,10101.20811,-0.488348454
01-01-2024 13:48,10051.77618,21417.68716,-1,-1,-1.02E-05,10101.20811,-0.489366509
01-01-2024 13:49,10061.63984,21396.66551,-1,-1,0.000981285,10101.20811,-0.391718258
01-01-2024 13:50,10057.00049,21406.55299,-1,-1,-0.000461092,10101.20811,-0.437646846
01-01-2024 13:51,10055.00109,21410.81417,-1,-1,-0.000198807,10101.20811,-0.457440586
01-01-2024 13:52,10061.03102,21397.96304,-1,-1,0.000599695,10101.20811,-0.397745421
01-01-2024 13:53,10060.33019,21399.45666,-1,-1,-6.97E-05,10101.20811,-0.40468349
01-01-2024 13:54,10064.1991,21391.21116,-1,-1,0.00038457,10101.20811,-0.366382073
01-01-2024 13:55,10063.05972,21393.63943,-1,-1,-0.000113211,10101.20811,-0.377661716
01-01-2024 13:56,10056.41312,21407.80481,-1,-1,-0.000660495,10101.20811,-0.443461754
01-01-2024 13:57,10040.48183,21441.75795,-1,-1,-0.001584192,10101.20811,-0.601178457
01-01-2024 13:58,10052.93521,21415.21701,-1,-1,0.001240317,10101.20811,-0.477892369
01-01-2024 13:59,10031.5018,21460.89639,-1,-1,-0.002132055,10101.20811,-0.690078942
01-01-2024 14:00,10051.15885,21419.00283,-1,-1,0.001959532,10101.20811,-0.495477985
01-01-2024 14:01,10052.68431,21415.75175,-1,-1,0.000151769,10101.20811,-0.480376274
01-01-2024 14:02,10046.77256,21428.351,-1,-1,-0.000588077,10101.20811,-0.538901438
01-01-2024 14:03,10043.94733,21434.37219,-1,-1,-0.000281208,10101.20811,-0.566870653
01-01-2024 14:04,10050.21001,21421.02502,-1,-1,0.000623528,10101.20811,-0.504871313
01-01-2024 14:05,10052.30186,21416.56683,-1,-1,0.00020814,10101.20811,-0.484162437
01-01-2024 14:06,10057.256,21406.00844,-1,-1,0.000492837,10101.20811,-0.435117367
01-01-2024 14:07,10063.17558,21393.39249,-1,-1,0.000588588,10101.20811,-0.376514667
01-01-2024 14:08,10054.64721,21411.56837,-1,-1,-0.000847484,10101.20811,-0.460943931
01-01-2024 14:09,10051.06041,21419.21263,-1,-1,-0.00035673,10101.20811,-0.496452511
01-01-2024 14:10,10058.02429,21404.37105,-1,-1,0.00069285,10101.20811,-0.427511468
01-01-2024 14:11,10048.9894,21423.62642,-1,-1,-0.000898277,10101.20811,-0.516955141
01-01-2024 14:12,10045.90034,21430.20989,-1,-1,-0.0003074,10101.20811,-0.547536208
01-01-2024 14:13,10037.72672,21447.62969,-1,-1,-0.000813627,10101.20811,-0.628453451
01-01-2024 14:14,10031.39043,21461.13374,-1,-1,-0.000631247,10101.20811,-0.691181486
01-01-2024 14:15,10039.7383,21443.34257,1,-1,0.000832175,10101.20811,-0.608539196
01-01-2024 14:16,10028.08926,21431.33041,1,1,-0.001160293,10101.20811,-0.723862427
01-01-2024 14:17,10035.58544,21447.34591,1,1,0.000747518,10101.20811,-0.649651728
01-01-2024 14:18,10041.7127,21460.43673,1,1,0.000610553,10101.20811,-0.588993035
01-01-2024 14:19,10041.50275,21459.98817,1,1,-2.09E-05,10101.20811,-0.591071507
01-01-2024 14:20,10042.68125,21462.50602,1,1,0.000117363,10101.20811,-0.57940462
01-01-2024 14:21,10055.51628,21489.92791,1,1,0.001278048,10101.20811,-0.45234033
01-01-2024 14:22,10049.56594,21477.21508,1,1,-0.000591749,10101.20811,-0.511247511
01-01-2024 14:23,10055.06568,21488.96521,1,1,0.000547261,10101.20811,-0.456801167
01-01-2024 14:24,10053.03201,21484.6203,1,1,-0.000202253,10101.20811,-0.476934098
01-01-2024 14:25,10050.843,21479.9435,1,1,-0.000217746,10101.20811,-0.498604887
01-01-2024 14:26,10061.88994,21503.54517,1,1,0.001099106,10101.20811,-0.389242305
01-01-2024 14:27,10070.19767,21521.29454,1,1,0.000825663,10101.20811,-0.306997352
01-01-2024 14:28,10078.39232,21538.80233,1,1,0.000813753,10101.20811,-0.225871885
01-01-2024 14:29,10091.55338,21566.92078,1,1,0.001305869,10101.20811,-0.09557996
01-01-2024 14:30,10091.76541,21567.37376,1,1,2.10E-05,10101.20811,-0.093480958
01-01-2024 14:31,10098.64957,21582.0817,1,1,0.000682156,10101.20811,-0.025329082
01-01-2024 14:32,10095.51536,21575.3855,1,1,-0.000310359,10101.20811,-0.056357148
01-01-2024 14:33,10098.78896,21582.37951,1,1,0.000324263,10101.20811,-0.023949119
01-01-2024 14:34,10097.47428,21579.57071,1,1,-0.000130182,10101.20811,-0.036964187
01-01-2024 14:35,10098.45399,21581.66384,1,1,9.70E-05,10101.20811,-0.027265284
01-01-2024 14:36,10104.46595,21594.50832,1,1,0.000595334,10104.46595,0
01-01-2024 14:37,10096.1958,21576.83925,1,1,-0.000818465,10104.46595,-0.08184645
01-01-2024 14:38,10117.32725,21621.98635,1,1,0.002093011,10117.32725,0
01-01-2024 14:39,10107.14602,21600.23426,1,1,-0.001006317,10117.32725,-0.100631678
01-01-2024 14:40,10094.87038,21574.0075,1,1,-0.00121455,10117.32725,-0.221964489
01-01-2024 14:41,10106.56485,21598.99259,1,1,0.001158456,10117.32725,-0.106375995
01-01-2024 14:42,10114.56822,21616.09171,1,1,0.000791899,10117.32725,-0.027270379
01-01-2024 14:43,10120.8828,21629.58274,1,1,0.000624306,10120.8828,0
01-01-2024 14:44,10127.24411,21643.17359,1,1,0.000628532,10127.24411,0
01-01-2024 14:45,10127.12004,21642.90853,1,1,-1.23E-05,10127.24411,-0.001225041
01-01-2024 14:46,10118.03074,21623.48934,1,1,-0.000897521,10127.24411,-0.090976056
01-01-2024 14:47,10118.79796,21625.1285,1,1,7.58E-05,10127.24411,-0.083400243
01-01-2024 14:48,10111.94386,21610.48479,1,1,-0.000677363,10127.24411,-0.151080072
01-01-2024 14:49,10121.80715,21631.5576,1,1,0.00097541,10127.24411,-0.053686428
01-01-2024 14:50,10120.31822,21628.37652,1,1,-0.000147101,10127.24411,-0.068388643
01-01-2024 14:51,10111.96144,21610.52235,1,1,-0.000825743,10127.24411,-0.150906452
01-01-2024 14:52,10108.71063,21603.57704,1,1,-0.000321482,10127.24411,-0.183006092
01-01-2024 14:53,10112.88608,21612.49784,1,1,0.000413054,10127.24411,-0.141776239
01-01-2024 14:54,10107.1835,21600.31434,1,1,-0.000563892,10127.24411,-0.198085532
01-01-2024 14:55,10098.87069,21582.55412,0.5,1,-0.000822465,10127.24411,-0.280169147
01-01-2024 14:56,10095.57541,21587.81351,0.5,0.5,-0.000326302,10127.24411,-0.312707909
01-01-2024 14:57,10096.81229,21593.10181,0.5,0.5,0.000122517,10127.24411,-0.300494563
01-01-2024 14:58,10094.25202,21582.15533,0.5,0.5,-0.000253572,10127.24411,-0.325775519
01-01-2024 14:59,10091.8743,21571.98931,0.5,0.5,-0.000235552,10127.24411,-0.349254013
01-01-2024 15:00,10093.0451,21576.99509,0.5,0.5,0.000116014,10127.24411,-0.337693134
01-01-2024 15:01,10085.73715,21545.74978,0.5,0.5,-0.000724058,10127.24411,-0.409854379
01-01-2024 15:02,10078.64449,21515.42492,0.5,0.5,-0.000703237,10127.24411,-0.479889846
01-01-2024 15:03,10075.02911,21499.96728,0.5,0.5,-0.000358716,10127.24411,-0.51558935
01-01-2024 15:04,10073.95577,21495.37818,0.5,0.5,-0.000106535,10127.24411,-0.526187922
01-01-2024 15:05,10075.51887,21502.06125,0,0.5,0.000155163,10127.24411,-0.510753315
01-01-2024 15:06,10074.00449,21533.78445,0,0,-0.000150303,10127.24411,-0.525706829
01-01-2024 15:07,10074.00449,21552.25311,0,0,0,10127.24411,-0.525706829
01-01-2024 15:08,10074.00449,21548.80607,0,0,0,10127.24411,-0.525706829
01-01-2024 15:09,10074.00449,21548.3963,0,0,0,10127.24411,-0.525706829
01-01-2024 15:10,10074.00449,21526.7934,0,0,0,10127.24411,-0.525706829
01-01-2024 15:11,10074.00449,21526.39487,0,0,0,10127.24411,-0.525706829
01-01-2024 15:12,10074.00449,21520.18109,0,0,0,10127.24411,-0.525706829
01-01-2024 15:13,10074.00449,21527.12605,0,0,0,10127.24411,-0.525706829
01-01-2024 15:14,10074.00449,21509.31815,0,0,0,10127.24411,-0.525706829
01-01-2024 15:15,10074.00449,21520.48894,0,0,0,10127.24411,-0.525706829
01-01-2024 15:16,10074.00449,21553.47423,0,0,0,10127.24411,-0.525706829
01-01-2024 15:17,10074.00449,21551.13007,0,0,0,10127.24411,-0.525706829
01-01-2024 15:18,10074.00449,21559.78741,0,0,0,10127.24411,-0.525706829
01-01-2024 15:19,10074.00449,21574.66677,0,0,0,10127.24411,-0.525706829
01-01-2024 15:20,10074.00449,21566.01057,0,0,0,10127.24411,-0.525706829
01-01-2024 15:21,10074.00449,21570.84335,0,0,0,10127.24411,-0.525706829
01-01-2024 15:22,10074.00449,21571.11498,0,0,0,10127.24411,-0.525706829
01-01-2024 15:23,10074.00449,21573.22196,0,0,0,10127.24411,-0.525706829
01-01-2024 15:24,10074.00449,21556.54565,0,0,0,10127.24411,-0.525706829
01-01-2024 15:25,10074.00449,21557.074,-1,0,0,10127.24411,-0.525706829
01-01-2024 15:26,10065.96545,21567.80939,-1,-1,-0.000797998,10127.24411,-0.605087145
01-01-2024 15:27,10051.33935,21599.10738,-1,-1,-0.001453026,10127.24411,-0.749510517
01-01-2024 15:28,10041.6568,21619.82677,-1,-1,-0.000963309,10127.24411,-0.845119366
01-01-2024 15:29,10019.90249,21666.3782,-1,-1,-0.002166407,10127.24411,-1.059929166
01-01-2024 15:30,10027.67195,21649.75256,-1,-1,0.000775403,10127.24411,-0.983210775
01-01-2024 15:31,10018.84641,21668.63809,-1,-1,-0.000880119,10127.24411,-1.070357312
01-01-2024 15:32,10016.98986,21672.61086,-1,-1,-0.000185305,10127.24411,-1.088689514
01-01-2024 15:33,9994.811543,21720.06961,-1,-1,-0.00221407,10127.24411,-1.307686086
01-01-2024 15:34,10003.01591,21702.51331,-1,-1,0.000820863,10127.24411,-1.226673234
01-01-2024 15:35,10011.53235,21684.28924,-1,-1,0.000851387,10127.24411,-1.14257894
01-01-2024 15:36,10017.60626,21671.29183,-1,-1,0.000606692,10127.24411,-1.082602919
01-01-2024 15:37,10039.11576,21625.26427,-1,-1,0.00214717,10127.24411,-0.870210486
01-01-2024 15:38,10044.42898,21613.89468,-1,-1,0.000529251,10127.24411,-0.817745942
01-01-2024 15:39,10052.09664,21597.48686,-1,-1,0.000763375,10127.24411,-0.742032714
01-01-2024 15:40,10050.57873,21600.73499,-1,-1,-0.000151004,10127.24411,-0.757021076
01-01-2024 15:41,10047.12891,21608.11717,-1,-1,-0.000343246,10127.24411,-0.791085864
01-01-2024 15:42,10028.1836,21648.65769,-1,-1,-0.001885644,10127.24411,-0.97815854
01-01-2024 15:43,10018.56835,21669.23309,-1,-1,-0.000958823,10127.24411,-1.073102937
01-01-2024 15:44,10024.41032,21656.73203,-1,-1,0.000583114,10127.24411,-1.015417275
01-01-2024 15:45,10033.50279,21637.27531,-1,-1,0.000907033,10127.24411,-0.925634959
01-01-2024 15:46,10028.52876,21647.9191,-1,-1,-0.000495742,10127.24411,-0.974750323
01-01-2024 15:47,10041.88484,21619.33879,-1,-1,0.001331809,10127.24411,-0.842867614
01-01-2024 15:48,10023.38143,21658.93372,-1,-1,-0.001842624,10127.24411,-1.025576892
01-01-2024 15:49,10011.4436,21684.47914,-1,-1,-0.001190998,10127.24411,-1.143455234
01-01-2024 15:50,10016.19801,21674.30531,-1,-1,0.000474898,10127.24411,-1.096508487
01-01-2024 15:51,10033.54999,21637.17431,-1,-1,0.001732392,10127.24411,-0.925168904
01-01-2024 15:52,10019.8604,21666.46828,-1,-1,-0.001364382,10127.24411,-1.06034482
01-01-2024 15:53,10021.02013,21663.98661,-1,-1,0.000115743,10127.24411,-1.04889323
01-01-2024 15:54,10008.48852,21690.80264,-1,-1,-0.001250532,10127.24411,-1.172634802
01-01-2024 15:55,10024.65043,21656.21823,1,-1,0.001614821,10127.24411,-1.01304634
01-01-2024 15:56,10012.61503,21643.23803,1,1,-0.001200581,10127.24411,-1.131888182
01-01-2024 15:57,10012.66754,21643.35152,1,1,5.25E-06,10127.24411,-1.131369592
01-01-2024 15:58,10013.13809,21644.36834,1,1,4.70E-05,10127.24411,-1.12672329
01-01-2024 15:59,10008.63017,21634.62696,1,1,-0.000450201,10127.24411,-1.171236099
01-01-2024 16:00,10014.86591,21648.10208,1,1,0.000623037,10127.24411,-1.109662119
01-01-2024 16:01,10004.17063,21624.99013,1,1,-0.001067941,10127.24411,-1.215271159
01-01-2024 16:02,10002.74581,21621.91117,1,1,-0.000142422,10127.24411,-1.229340305
01-01-2024 16:03,10003.94946,21624.51219,1,1,0.000120332,10127.24411,-1.217455054
01-01-2024 16:04,10009.09743,21635.63668,1,1,0.000514593,10127.24411,-1.166622205
01-01-2024 16:05,10016.22219,21651.03292,1,1,0.000711829,10127.24411,-1.096269777
01-01-2024 16:06,10004.95414,21626.68326,1,1,-0.00112498,10127.24411,-1.207534463
01-01-2024 16:07,9989.600788,21593.50546,1,1,-0.001534575,10127.24411,-1.359138927
01-01-2024 16:08,10002.36811,21621.09498,1,1,0.001278061,10127.24411,-1.233069855
01-01-2024 16:09,10005.69304,21628.27997,1,1,0.000332414,10127.24411,-1.200238355
01-01-2024 16:10,9998.20166,21612.0915,1,1,-0.000748711,10127.24411,-1.274210866
01-01-2024 16:11,10013.71505,21645.61513,1,1,0.001551618,10127.24411,-1.121026114
01-01-2024 16:12,10014.87373,21648.11898,1,1,0.000115709,10127.24411,-1.109584891
01-01-2024 16:13,10026.68779,21673.64855,1,1,0.001179651,10127.24411,-0.992928693
01-01-2024 16:14,10027.36498,21675.11192,1,1,6.75E-05,10127.24411,-0.986241882
01-01-2024 16:15,10048.03505,21719.77886,1,1,0.002061366,10127.24411,-0.782138307
01-01-2024 16:16,10065.67805,21757.90448,1,1,0.001755866,10127.24411,-0.607925031
01-01-2024 16:17,10063.17131,21752.48754,1,1,-0.000249039,10127.24411,-0.632677486
01-01-2024 16:18,10072.95132,21773.62162,1,1,0.000971861,10127.24411,-0.536106239
01-01-2024 16:19,10079.4541,21787.6738,1,1,0.000645569,10127.24411,-0.471895474
01-01-2024 16:20,10093.25327,21817.49309,1,1,0.00136904,10127.24411,-0.335637539
01-01-2024 16:21,10083.51115,21796.44088,1,1,-0.000965211,10127.24411,-0.431834666
01-01-2024 16:22,10090.43102,21811.39436,1,1,0.000686256,10127.24411,-0.363505414
01-01-2024 16:23,10101.11417,21834.48008,1,1,0.00105874,10127.24411,-0.258016287
01-01-2024 16:24,10083.34365,21796.07891,1,1,-0.001759263,10127.24411,-0.433488664
01-01-2024 16:25,10071.40889,21770.28852,1,1,-0.001183611,10127.24411,-0.551336714
01-01-2024 16:26,10050.86482,21725.89385,1,1,-0.002039841,10127.24411,-0.754196167
01-01-2024 16:27,10048.15624,21720.04074,1,1,-0.000269487,10127.24411,-0.780941663
01-01-2024 16:28,10055.36837,21735.62579,1,1,0.000717757,10127.24411,-0.709726494
01-01-2024 16:29,10070.47964,21768.28046,1,1,0.001502806,10127.24411,-0.560512451
01-01-2024 16:30,10071.22603,21769.89337,1,1,7.41E-05,10127.24411,-0.553142304
01-01-2024 16:31,10087.63309,21805.34816,1,1,0.001629102,10127.24411,-0.391133257
01-01-2024 16:32,10073.70698,21775.25457,1,1,-0.001380513,10127.24411,-0.52864457
01-01-2024 16:33,10056.54248,21738.16298,1,1,-0.001703891,10127.24411,-0.698132899
01-01-2024 16:34,10055.9837,21736.95548,1,1,-5.56E-05,10127.24411,-0.703650538
01-01-2024 16:35,10059.84701,21745.30389,0.5,1,0.00038418,10127.24411,-0.665502839
01-01-2024 16:36,10055.16759,21744.59293,0.5,0.5,-0.000465158,10127.24411,-0.711709067
01-01-2024 16:37,10044.77196,21699.63725,0.5,0.5,-0.001033859,10127.24411,-0.814359183
01-01-2024 16:38,10044.32477,21697.70337,0.5,0.5,-4.45E-05,10127.24411,-0.818774915
01-01-2024 16:39,10037.77971,21669.39938,0.5,0.5,-0.000651618,10127.24411,-0.883403181
01-01-2024 16:40,10041.13535,21683.91078,0.5,0.5,0.000334301,10127.24411,-0.850268394
01-01-2024 16:41,10042.97355,21691.86007,0.5,0.5,0.000183068,10127.24411,-0.8321173
01-01-2024 16:42,10038.25906,21671.47233,0.5,0.5,-0.000469432,10127.24411,-0.878669897
01-01-2024 16:43,10035.68389,21660.33607,0.5,0.5,-0.000256535,10127.24411,-0.904097995
01-01-2024 16:44,10030.37853,21637.39315,0.5,0.5,-0.000528649,10127.24411,-0.956484994
01-01-2024 16:45,10030.06492,21636.03694,0,0.5,-3.13E-05,10127.24411,-0.959581718
01-01-2024 16:46,10028.5564,21656.70244,0,0,-0.0001504,10127.24411,-0.974477439
01-01-2024 16:47,10028.5564,21635.35486,0,0,0,10127.24411,-0.974477439
01-01-2024 16:48,10028.5564,21646.26008,0,0,0,10127.24411,-0.974477439
01-01-2024 16:49,10028.5564,21634.78199,0,0,0,10127.24411,-0.974477439
01-01-2024 16:50,10028.5564,21617.62836,0,0,0,10127.24411,-0.974477439
01-01-2024 16:51,10028.5564,21615.31462,0,0,0,10127.24411,-0.974477439
01-01-2024 16:52,10028.5564,21592.93753,0,0,0,10127.24411,-0.974477439
01-01-2024 16:53,10028.5564,21580.98261,0,0,0,10127.24411,-0.974477439
01-01-2024 16:54,10028.5564,21555.13123,0,0,0,10127.24411,-0.974477439
01-01-2024 16:55,10028.5564,21597.48114,0,0,0,10127.24411,-0.974477439
01-01-2024 16:56,10028.5564,21598.24274,0,0,0,10127.24411,-0.974477439
01-01-2024 16:57,10028.5564,21583.1299,0,0,0,10127.24411,-0.974477439
01-01-2024 16:58,10028.5564,21587.74826,0,0,0,10127.24411,-0.974477439
01-01-2024 16:59,10028.5564,21585.32335,0,0,0,10127.24411,-0.974477439
01-01-2024 17:00,10028.5564,21580.55365,0,0,0,10127.24411,-0.974477439
01-01-2024 17:01,10028.5564,21593.80771,0,0,0,10127.24411,-0.974477439
01-01-2024 17:02,10028.5564,21610.16518,0,0,0,10127.24411,-0.974477439
01-01-2024 17:03,10028.5564,21598.70096,0,0,0,10127.24411,-0.974477439
01-01-2024 17:04,10028.5564,21586.26404,0,0,0,10127.24411,-0.974477439
01-01-2024 17:05,10028.5564,21580.3267,-1,0,0,10127.24411,-0.974477439
01-01-2024 17:06,10048.63278,21530.65049,-1,-1,0.002001921,10127.24411,-0.77623615
01-01-2024 17:07,10063.79298,21498.02744,-1,-1,0.001508683,10127.24411,-0.626538949
01-01-2024 17:08,10050.13748,21527.41254,-1,-1,-0.001356894,10127.24411,-0.761378193
01-01-2024 17:09,10033.68127,21562.82444,-1,-1,-0.001637411,10127.24411,-0.923872571
01-01-2024 17:10,10036.17672,21557.45452,-1,-1,0.000248707,10127.24411,-0.899231648
01-01-2024 17:11,10030.40082,21569.88362,-1,-1,-0.000575509,10127.24411,-0.956264991
01-01-2024 17:12,10027.28094,21576.59725,-1,-1,-0.000311042,10127.24411,-0.987071785
01-01-2024 17:13,9996.409542,21643.02902,-1,-1,-0.00307874,10127.24411,-1.291906876
01-01-2024 17:14,9985.1492,21667.26001,-1,-1,-0.001126439,10127.24411,-1.403095493
01-01-2024 17:15,9986.437196,21664.48839,-1,-1,0.000128991,10127.24411,-1.390377359
01-01-2024 17:16,9996.057259,21643.78709,-1,-1,0.000963313,10127.24411,-1.295385445
01-01-2024 17:17,10012.21497,21609.01751,-1,-1,0.001616409,10127.24411,-1.135838461
01-01-2024 17:18,10010.17181,21613.41416,-1,-1,-0.000204067,10127.24411,-1.15601334
01-01-2024 17:19,10017.76855,21597.06684,-1,-1,0.000758902,10127.24411,-1.081000477
01-01-2024 17:20,10032.04276,21566.35033,-1,-1,0.00142489,10127.24411,-0.940051809
01-01-2024 17:21,10038.52276,21552.40611,-1,-1,0.00064593,10127.24411,-0.876066058
01-01-2024 17:22,10049.35509,21529.09615,-1,-1,0.001079076,10127.24411,-0.769103769
01-01-2024 17:23,10032.47566,21565.41879,-1,-1,-0.001679653,10127.24411,-0.935777236
01-01-2024 17:24,10023.64019,21584.43172,-1,-1,-0.000880687,10127.24411,-1.023021762
01-01-2024 17:25,10023.72016,21584.25963,-1,-1,7.98E-06,10127.24411,-1.022232117
01-01-2024 17:26,10008.87576,21616.20313,-1,-1,-0.001480928,10127.24411,-1.168811067
01-01-2024 17:27,10008.09857,21617.87554,-1,-1,-7.76E-05,10127.24411,-1.176485241
01-01-2024 17:28,10016.75104,21599.2564,-1,-1,0.000864546,10127.24411,-1.091047724
01-01-2024 17:29,10001.4629,21632.15475,-1,-1,-0.001526257,10127.24411,-1.242008184
01-01-2024 17:30,9996.045435,21643.81254,-1,-1,-0.000541668,10127.24411,-1.295502198
01-01-2024 17:31,10006.47812,21621.36258,-1,-1,0.001043681,10127.24411,-1.192486188
01-01-2024 17:32,10008.39057,21617.24719,-1,-1,0.000191121,10127.24411,-1.17360196
01-01-2024 17:33,10017.18678,21598.31874,-1,-1,0.000878884,10127.24411,-1.08674506
01-01-2024 17:34,10031.06583,21568.45259,-1,-1,0.001385523,10127.24411,-0.94969843
01-01-2024 17:35,10021.78271,21588.42881,1,-1,-0.000925436,10127.24411,-1.041363182
01-01-2024 17:36,10034.89853,21629.65011,1,1,0.001308731,10127.24411,-0.911852974
01-01-2024 17:37,10020.85984,21599.39958,1,1,-0.001398986,10127.24411,-1.050475951
01-01-2024 17:38,10026.50297,21611.55938,1,1,0.000563138,10127.24411,-0.994753704
01-01-2024 17:39,10019.97734,21597.49798,1,1,-0.000650838,10127.24411,-1.059190042
01-01-2024 17:40,10015.09489,21586.97729,1,1,-0.000487272,10127.24411,-1.10740108
01-01-2024 17:41,10009.16023,21574.1893,1,1,-0.000592572,10127.24411,-1.166002036
01-01-2024 17:42,10000.50981,21555.5494,1,1,-0.00086425,10127.24411,-1.25141934
01-01-2024 17:43,10000.9952,21556.59531,1,1,4.85E-05,10127.24411,-1.246626458
01-01-2024 17:44,9992.682375,21538.68285,1,1,-0.0008312,10127.24411,-1.328710247
01-01-2024 17:45,9995.385777,21544.50814,1,1,0.000270538,10127.24411,-1.302015896
01-01-2024 17:46,9994.883477,21543.42578,1,1,-5.03E-05,10127.24411,-1.306975787
01-01-2024 17:47,9992.494501,21538.27802,1,1,-0.00023902,10127.24411,-1.330565384
01-01-2024 17:48,9983.422948,21518.73066,1,1,-0.000907837,10127.24411,-1.420141113
01-01-2024 17:49,9977.663062,21506.31927,1,1,-0.000576945,10127.24411,-1.477016267
01-01-2024 17:50,9985.202372,21522.56496,1,1,0.000755619,10127.24411,-1.402570451
01-01-2024 17:51,9990.205637,21533.34598,1,1,0.000501068,10127.24411,-1.353166437
01-01-2024 17:52,9980.436721,21512.29595,1,1,-0.000977849,10127.24411,-1.449628179
01-01-2024 17:53,9981.428399,21514.43281,1,1,9.94E-05,10127.24411,-1.439835995
01-01-2024 17:54,9988.930574,21530.59848,1,1,0.000751613,10127.24411,-1.365756857
01-01-2024 17:55,9972.249983,21494.65519,1,1,-0.001669908,10127.24411,-1.530466929
01-01-2024 17:56,9977.67014,21506.33453,1,1,0.000543524,10127.24411,-1.476946379
01-01-2024 17:57,9971.056707,21492.08392,1,1,-0.000662823,10127.24411,-1.542249761
01-01-2024 17:58,9976.747894,21504.34727,1,1,0.000570771,10127.24411,-1.486052965
01-01-2024 17:59,9969.130756,21487.93388,1,1,-0.000763489,10127.24411,-1.561267289
01-01-2024 18:00,9951.132225,21449.1507,1,1,-0.001805426,10127.24411,-1.738991163
01-01-2024 18:01,9934.931443,21414.24129,1,1,-0.001628034,10127.24411,-1.898963428
01-01-2024 18:02,9935.409308,21415.27099,1,1,4.81E-05,10127.24411,-1.894244818
01-01-2024 18:03,9937.990538,21420.83302,1,1,0.000259801,10127.24411,-1.868756837
01-01-2024 18:04,9929.00073,21401.46181,1,1,-0.00090459,10127.24411,-1.957525391
01-01-2024 18:05,9935.343235,21415.12862,1,1,0.000638786,10127.24411,-1.894897253
01-01-2024 18:06,9918.830469,21379.54695,1,1,-0.001662023,10127.24411,-2.057950161
01-01-2024 18:07,9918.174836,21378.1342,1,1,-6.61E-05,10127.24411,-2.064424114
01-01-2024 18:08,9906.160125,21352.24493,1,1,-0.001211383,10127.24411,-2.183061624
01-01-2024 18:09,9899.700973,21338.32677,1,1,-0.000652034,10127.24411,-2.246841582
01-01-2024 18:10,9900.170349,21339.33817,1,1,4.74E-05,10127.24411,-2.242206805
01-01-2024 18:11,9891.649524,21320.97752,1,1,-0.000860675,10127.24411,-2.326344453
01-01-2024 18:12,9887.844479,21312.77842,1,1,-0.000384672,10127.24411,-2.363916812
01-01-2024 18:13,9897.79757,21334.22532,1,1,0.001006599,10127.24411,-2.265636458
01-01-2024 18:14,9892.085878,21321.91778,1,1,-0.000577067,10127.24411,-2.322035739
01-01-2024 18:15,9900.355127,21339.73634,0.5,1,0.000835946,10127.24411,-2.240382233
01-01-2024 18:16,9890.274341,21315.62869,0.5,0.5,-0.001018225,10127.24411,-2.339923493
01-01-2024 18:17,9892.893208,21326.9218,0.5,0.5,0.000264792,10127.24411,-2.314063875
01-01-2024 18:18,9900.022778,21357.66602,0.5,0.5,0.000720676,10127.24411,-2.243663969
01-01-2024 18:19,9887.781136,21304.87746,0.5,0.5,-0.001236527,10127.24411,-2.364542279
01-01-2024 18:20,9883.844003,21287.89971,0.5,0.5,-0.000398182,10127.24411,-2.403418932
01-01-2024 18:21,9886.692808,21300.18436,0.5,0.5,0.000288228,10127.24411,-2.375288818
01-01-2024 18:22,9885.689865,21295.85946,0.5,0.5,-0.000101444,10127.24411,-2.385192235
01-01-2024 18:23,9887.522769,21303.76333,0.5,0.5,0.00018541,10127.24411,-2.367093493
01-01-2024 18:24,9884.538881,21290.89617,0.5,0.5,-0.000301783,10127.24411,-2.396557458
01-01-2024 18:25,9884.966405,21292.73974,0,0.5,4.33E-05,10127.24411,-2.392335935
01-01-2024 18:26,9883.481803,21289.42495,0,0,-0.000150188,10127.24411,-2.406995426
01-01-2024 18:27,9883.481803,21314.28636,0,0,0,10127.24411,-2.406995426
01-01-2024 18:28,9883.481803,21319.70915,0,0,0,10127.24411,-2.406995426
01-01-2024 18:29,9883.481803,21326.90675,0,0,0,10127.24411,-2.406995426
01-01-2024 18:30,9883.481803,21318.12268,0,0,0,10127.24411,-2.406995426
01-01-2024 18:31,9883.481803,21307.72783,0,0,0,10127.24411,-2.406995426
01-01-2024 18:32,9883.481803,21298.511,0,0,0,10127.24411,-2.406995426
01-01-2024 18:33,9883.481803,21306.91225,0,0,0,10127.24411,-2.406995426
01-01-2024 18:34,9883.481803,21297.94237,0,0,0,10127.24411,-2.406995426
01-01-2024 18:35,9883.481803,21304.11397,0,0,0,10127.24411,-2.406995426
01-01-2024 18:36,9883.481803,21348.32855,0,0,0,10127.24411,-2.406995426
01-01-2024 18:37,9883.481803,21366.92561,0,0,0,10127.24411,-2.406995426
01-01-2024 18:38,9883.481803,21359.95949,0,0,0,10127.24411,-2.406995426
01-01-2024 18:39,9883.481803,21385.61737,0,0,0,10127.24411,-2.406995426
01-01-2024 18:40,9883.481803,21376.89042,0,0,0,10127.24411,-2.406995426
01-01-2024 18:41,9883.481803,21333.32166,0,0,0,10127.24411,-2.406995426
01-01-2024 18:42,9883.481803,21311.81583,0,0,0,10127.24411,-2.406995426
01-01-2024 18:43,9883.481803,21271.94586,0,0,0,10127.24411,-2.406995426
01-01-2024 18:44,9883.481803,21264.46848,0,0,0,10127.24411,-2.406995426
01-01-2024 18:45,9883.481803,21264.86014,-1,0,0,10127.24411,-2.406995426
01-01-2024 18:46,9863.947721,21300.50934,-1,-1,-0.001976437,10127.24411,-2.599881881
01-01-2024 18:47,9860.711123,21307.47306,-1,-1,-0.000328124,10127.24411,-2.631841194
01-01-2024 18:48,9862.880938,21302.80458,-1,-1,0.000220047,10127.24411,-2.610415666
01-01-2024 18:49,9854.668896,21320.47325,-1,-1,-0.000832621,10127.24411,-2.691504283
01-01-2024 18:50,9876.579765,21273.3308,-1,-1,0.0022234,10127.24411,-2.475148595
01-01-2024 18:51,9874.250145,21278.3431,-1,-1,-0.000235873,10127.24411,-2.498152087
01-01-2024 18:52,9866.626482,21294.74584,-1,-1,-0.000772075,10127.24411,-2.573430838
01-01-2024 18:53,9881.2606,21263.25972,-1,-1,0.001483194,10127.24411,-2.428928364
01-01-2024 18:54,9869.957179,21287.57966,-1,-1,-0.001143925,10127.24411,-2.540542357
01-01-2024 18:55,9866.608082,21294.78543,-1,-1,-0.000339322,10127.24411,-2.573612533
01-01-2024 18:56,9870.718348,21285.94196,-1,-1,0.000416584,10127.24411,-2.533026303
01-01-2024 18:57,9864.45806,21299.41132,-1,-1,-0.000634228,10127.24411,-2.59484261
01-01-2024 18:58,9841.979244,21347.77574,-1,-1,-0.002278768,10127.24411,-2.81680641
01-01-2024 18:59,9840.174763,21351.65818,-1,-1,-0.000183345,10127.24411,-2.834624491
01-01-2024 19:00,9837.711466,21356.9581,-1,-1,-0.000250331,10127.24411,-2.858947962
01-01-2024 19:01,9842.271214,21347.14755,-1,-1,0.000463497,10127.24411,-2.813923392
01-01-2024 19:02,9850.703138,21329.0058,-1,-1,0.000856705,10127.24411,-2.730663583
01-01-2024 19:03,9842.471774,21346.71603,-1,-1,-0.000835612,10127.24411,-2.811942993
01-01-2024 19:04,9850.965433,21328.44145,-1,-1,0.00086296,10127.24411,-2.728073595
01-01-2024 19:05,9850.255994,21329.96785,-1,-1,-7.20E-05,10127.24411,-2.735078842
01-01-2024 19:06,9854.991367,21319.77943,-1,-1,0.000480736,10127.24411,-2.68832009
01-01-2024 19:07,9850.245153,21329.99118,-1,-1,-0.000481605,10127.24411,-2.735185896
01-01-2024 19:08,9846.937309,21337.10819,-1,-1,-0.000335813,10127.24411,-2.767848719
01-01-2024 19:09,9836.647962,21359.24629,-1,-1,-0.001044929,10127.24411,-2.869449382
01-01-2024 19:10,9841.711073,21348.35272,-1,-1,0.000514719,10127.24411,-2.819454423
01-01-2024 19:11,9844.38885,21342.59134,-1,-1,0.000272084,10127.24411,-2.793013106
01-01-2024 19:12,9854.097804,21321.70198,-1,-1,0.000986242,10127.24411,-2.69714345
01-01-2024 19:13,9858.500706,21312.2289,-1,-1,0.000446809,10127.24411,-2.653667633
01-01-2024 19:14,9854.763357,21320.27001,-1,-1,-0.000379099,10127.24411,-2.690571545
01-01-2024 19:15,9847.262179,21336.40921,1,-1,-0.000761173,10127.24411,-2.764640839
01-01-2024 19:16,9832.265776,21316.73351,1,1,-0.001522901,10127.24411,-2.912720642
01-01-2024 19:17,9840.81854,21335.27067,1,1,0.000869867,10127.24411,-2.82826761
01-01-2024 19:18,9854.16313,21364.19357,1,1,0.001356045,10127.24411,-2.696498398
01-01-2024 19:19,9858.238406,21373.02628,1,1,0.000413559,10127.24411,-2.656257678
01-01-2024 19:20,9876.745849,21413.13908,1,1,0.001877358,10127.24411,-2.473508619
01-01-2024 19:21,9869.101045,21396.56983,1,1,-0.000774021,10127.24411,-2.54899613
01-01-2024 19:22,9856.813746,21369.93849,1,1,-0.001245027,10127.24411,-2.670325277
01-01-2024 19:23,9839.275979,21331.92734,1,1,-0.001779253,10127.24411,-2.84349941
01-01-2024 19:24,9854.00039,21363.84085,1,1,0.001496493,10127.24411,-2.698105353
01-01-2024 19:25,9860.450442,21377.82062,1,1,0.000654562,10127.24411,-2.634415252
01-01-2024 19:26,9859.902188,21376.63234,1,1,-5.56E-05,10127.24411,-2.639828907
01-01-2024 19:27,9862.663478,21382.61712,1,1,0.000280052,10127.24411,-2.61256295
01-01-2024 19:28,9851.559834,21358.55122,1,1,-0.001125826,10127.24411,-2.722204265
01-01-2024 19:29,9875.661529,21410.78894,1,1,0.002446485,10127.24411,-2.484215581
01-01-2024 19:30,9876.938055,21413.55567,1,1,0.00012926,10127.24411,-2.471610707
01-01-2024 19:31,9878.018864,21415.8982,1,1,0.000109428,10127.24411,-2.460938419
01-01-2024 19:32,9885.190144,21431.44114,1,1,0.000725984,10127.24411,-2.390126659
01-01-2024 19:33,9889.946432,21441.74986,1,1,0.000481153,10127.24411,-2.343161382
01-01-2024 19:34,9892.161294,21446.55033,1,1,0.000223951,10127.24411,-2.321291047
01-01-2024 19:35,9884.339459,21429.59738,1,1,-0.00079071,10127.24411,-2.398526623
01-01-2024 19:36,9889.001005,21439.70076,1,1,0.000471609,10127.24411,-2.352496868
01-01-2024 19:37,9907.617905,21480.0508,1,1,0.001882587,10127.24411,-2.168666991
01-01-2024 19:38,9920.951786,21508.95049,1,1,0.001345821,10127.24411,-2.03700352
01-01-2024 19:39,9936.762419,21543.21826,1,1,0.001593661,10127.24411,-1.880883724
01-01-2024 19:40,9931.681081,21532.20503,1,1,-0.000511368,10127.24411,-1.931058662
01-01-2024 19:41,9921.849718,21510.89666,1,1,-0.000989899,10127.24411,-2.028137018
01-01-2024 19:42,9920.601308,21508.19087,1,1,-0.000125824,10127.24411,-2.040464265
01-01-2024 19:43,9921.154297,21509.38941,1,1,5.57E-05,10127.24411,-2.035003853
01-01-2024 19:44,9932.013172,21532.9248,1,1,0.001094517,10127.24411,-1.927779477
01-01-2024 19:45,9915.198592,21496.48109,1,1,-0.001692968,10127.24411,-2.093812597
01-01-2024 19:46,9930.368905,21529.36104,1,1,0.001530006,10127.24411,-1.944015552
01-01-2024 19:47,9928.799361,21525.95923,1,1,-0.000158055,10127.24411,-1.95951378
01-01-2024 19:48,9924.559684,21516.7702,1,1,-0.000427008,10127.24411,-2.001377856
01-01-2024 19:49,9914.512005,21494.99299,1,1,-0.001012406,10127.24411,-2.100592205
01-01-2024 19:50,9898.100021,21459.42185,1,1,-0.00165535,10127.24411,-2.262649952
01-01-2024 19:51,9906.250277,21477.08662,1,1,0.000823416,10127.24411,-2.182171435
01-01-2024 19:52,9906.9768,21478.66127,1,1,7.33E-05,10127.24411,-2.174997493
01-01-2024 19:53,9894.193377,21450.95464,1,1,-0.001290345,10127.24411,-2.301225539
01-01-2024 19:54,9881.375793,21423.17397,1,1,-0.001295465,10127.24411,-2.427790914
01-01-2024 19:55,9878.056786,21415.98039,0.5,1,-0.000335885,10127.24411,-2.460563961
01-01-2024 19:56,9881.863112,21451.72412,0.5,0.5,0.000385331,10127.24411,-2.422978954
01-01-2024 19:57,9880.579227,21446.15544,0.5,0.5,-0.000129923,10127.24411,-2.435656489
01-01-2024 19:58,9873.146923,21413.9188,0.5,0.5,-0.000752213,10127.24411,-2.50904569
01-01-2024 19:59,9871.933671,21408.65648,0.5,0.5,-0.000122884,10127.24411,-2.521025773
01-01-2024 20:00,9870.587545,21402.81784,0.5,0.5,-0.000136359,10127.24411,-2.534317901
01-01-2024 20:01,9857.279712,21345.09686,0.5,0.5,-0.001348231,10127.24411,-2.665724165
01-01-2024 20:02,9857.012515,21343.93793,0.5,0.5,-2.71E-05,10127.24411,-2.668362557
01-01-2024 20:03,9855.8761,21339.00888,0.5,0.5,-0.00011529,10127.24411,-2.679583926
01-01-2024 20:04,9859.3013,21353.86524,0.5,0.5,0.000347529,10127.24411,-2.645762287
01-01-2024 20:05,9868.404137,21393.3476,0,0.5,0.000923274,10127.24411,-2.55587764
01-01-2024 20:06,9866.922872,21417.44859,0,0,-0.000150102,10127.24411,-2.570504181
01-01-2024 20:07,9866.922872,21411.68968,0,0,0,10127.24411,-2.570504181
01-01-2024 20:08,9866.922872,21387.99709,0,0,0,10127.24411,-2.570504181
01-01-2024 20:09,9866.922872,21443.03611,0,0,0,10127.24411,-2.570504181
01-01-2024 20:10,9866.922872,21444.30593,0,0,0,10127.24411,-2.570504181
01-01-2024 20:11,9866.922872,21444.60463,0,0,0,10127.24411,-2.570504181
01-01-2024 20:12,9866.922872,21444.08728,0,0,0,10127.24411,-2.570504181
01-01-2024 20:13,9866.922872,21448.33503,0,0,0,10127.24411,-2.570504181
01-01-2024 20:14,9866.922872,21445.23874,0,0,0,10127.24411,-2.570504181
01-01-2024 20:15,9866.922872,21432.93642,0,0,0,10127.24411,-2.570504181
01-01-2024 20:16,9866.922872,21421.21562,0,0,0,10127.24411,-2.570504181
01-01-2024 20:17,9866.922872,21420.51401,0,0,0,10127.24411,-2.570504181
01-01-2024 20:18,9866.922872,21408.87357,0,0,0,10127.24411,-2.570504181
01-01-2024 20:19,9866.922872,21393.61235,0,0,0,10127.24411,-2.570504181
01-01-2024 20:20,9866.922872,21395.88927,0,0,0,10127.24411,-2.570504181
01-01-2024 20:21,9866.922872,21390.43381,0,0,0,10127.24411,-2.570504181
01-01-2024 20:22,9866.922872,21422.60487,0,0,0,10127.24411,-2.570504181
01-01-2024 20:23,9866.922872,21365.81419,0,0,0,10127.24411,-2.570504181
01-01-2024 20:24,9866.922872,21389.13513,0,0,0,10127.24411,-2.570504181
01-01-2024 20:25,9866.922872,21415.78781,-1,0,0,10127.24411,-2.570504181
01-01-2024 20:26,9884.420777,21371.38452,-1,-1,0.00177339,10127.24411,-2.397723665
01-01-2024 20:27,9887.795038,21364.06082,-1,-1,0.000341372,10127.24411,-2.364405011
01-01-2024 20:28,9891.451164,21356.12533,-1,-1,0.000369762,10127.24411,-2.328303125
01-01-2024 20:29,9905.300283,21326.06633,-1,-1,0.00140011,10127.24411,-2.191552011
01-01-2024 20:30,9912.942787,21309.47856,-1,-1,0.000771557,10127.24411,-2.116087214
01-01-2024 20:31,9923.846358,21285.81277,-1,-1,0.001099933,10127.24411,-2.008421494
01-01-2024 20:32,9906.661773,21323.11127,-1,-1,-0.001731646,10127.24411,-2.178108182
01-01-2024 20:33,9897.469459,21343.06285,-1,-1,-0.000927892,10127.24411,-2.268876351
01-01-2024 20:34,9884.965728,21370.20173,-1,-1,-0.001263326,10127.24411,-2.392342621
01-01-2024 20:35,9877.860203,21385.62401,-1,-1,-0.000718821,10127.24411,-2.462505098
01-01-2024 20:36,9888.984779,21361.47853,-1,-1,0.001126213,10127.24411,-2.352657091
01-01-2024 20:37,9894.147055,21350.274,-1,-1,0.000522023,10127.24411,-2.301682942
01-01-2024 20:38,9889.333205,21360.72228,-1,-1,-0.000486535,10127.24411,-2.349216601
01-01-2024 20:39,9901.36084,21334.61675,-1,-1,0.001216223,10127.24411,-2.230451467
01-01-2024 20:40,9894.352405,21349.8283,-1,-1,-0.000707826,10127.24411,-2.299655248
01-01-2024 20:41,9896.716373,21344.69739,-1,-1,0.000238921,10127.24411,-2.276312582
01-01-2024 20:42,9900.402425,21336.69695,-1,-1,0.000372452,10127.24411,-2.239915204
01-01-2024 20:43,9893.413345,21351.86649,-1,-1,-0.000705939,10127.24411,-2.308927859
01-01-2024 20:44,9889.042917,21361.35234,-1,-1,-0.000441751,10127.24411,-2.352083016
01-01-2024 20:45,9892.595489,21353.64162,-1,-1,0.000359243,10127.24411,-2.317003658
01-01-2024 20:46,9881.189666,21378.39753,-1,-1,-0.001152966,10127.24411,-2.429628799
01-01-2024 20:47,9891.837811,21355.28613,-1,-1,0.001077618,10127.24411,-2.324485238
01-01-2024 20:48,9885.777591,21368.43961,-1,-1,-0.000612649,10127.24411,-2.384325998
01-01-2024 20:49,9879.938445,21381.11326,-1,-1,-0.000590661,10127.24411,-2.441983797
01-01-2024 20:50,9882.987771,21374.49481,-1,-1,0.000308638,10127.24411,-2.411873674
01-01-2024 20:51,9879.776046,21381.46574,-1,-1,-0.000324975,10127.24411,-2.443587383
01-01-2024 20:52,9892.100903,21354.7151,-1,-1,0.001247483,10127.24411,-2.321887374
01-01-2024 20:53,9883.0096,21374.44743,-1,-1,-0.000919047,10127.24411,-2.411658123
01-01-2024 20:54,9884.830493,21370.49525,-1,-1,0.000184245,10127.24411,-2.393677977
01-01-2024 20:55,9889.977253,21359.3244,1,-1,0.000520673,10127.24411,-2.342857046
01-01-2024 20:56,9894.422643,21381.73053,1,1,0.000449484,10127.24411,-2.298961687
01-01-2024 20:57,9887.45148,21366.67044,1,1,-0.000704555,10127.24411,-2.367797426
01-01-2024 20:58,9873.521209,21336.57631,1,1,-0.001408884,10127.24411,-2.505349856
01-01-2024 20:59,9858.147181,21303.36318,1,1,-0.001557097,10127.24411,-2.657158464
01-01-2024 21:00,9864.123114,21316.27323,1,1,0.000606192,10127.24411,-2.598149984
01-01-2024 21:01,9851.489003,21288.97924,1,1,-0.001280814,10127.24411,-2.722903673
01-01-2024 21:02,9868.781544,21326.33702,1,1,0.001755323,10127.24411,-2.552150996
01-01-2024 21:03,9848.229262,21281.93709,1,1,-0.002082555,10127.24411,-2.755091515
01-01-2024 21:04,9864.941385,21318.04097,1,1,0.001696967,10127.24411,-2.590070084
01-01-2024 21:05,9867.023686,21322.53945,1,1,0.000211081,10127.24411,-2.569508707
01-01-2024 21:06,9866.069129,21320.47728,1,1,-9.67E-05,10127.24411,-2.578934345
01-01-2024 21:07,9860.691303,21308.85935,1,1,-0.000545083,10127.24411,-2.632036903
01-01-2024 21:08,9864.628245,21317.36448,1,1,0.000399256,10127.24411,-2.593162143
01-01-2024 21:09,9864.256881,21316.56221,1,1,-3.76E-05,10127.24411,-2.596829122
01-01-2024 21:10,9875.143407,21340.08081,1,1,0.001103634,10127.24411,-2.489331707
01-01-2024 21:11,9876.27176,21342.51844,1,1,0.000114262,10127.24411,-2.478189947
01-01-2024 21:12,9877.756627,21345.72626,1,1,0.000150347,10127.24411,-2.463527845
01-01-2024 21:13,9874.163875,21337.96469,1,1,-0.000363721,10127.24411,-2.499003947
01-01-2024 21:14,9873.601416,21336.74959,1,1,-5.70E-05,10127.24411,-2.50455787
01-01-2024 21:15,9876.641441,21343.31708,1,1,0.000307894,10127.24411,-2.474539585
01-01-2024 21:16,9859.745648,21306.81641,1,1,-0.001710682,10127.24411,-2.641374633
01-01-2024 21:17,9846.448884,21278.09087,1,1,-0.001348591,10127.24411,-2.772671599
01-01-2024 21:18,9853.769601,21293.90611,1,1,0.000743488,10127.24411,-2.700384248
01-01-2024 21:19,9855.453776,21297.5445,1,1,0.000170917,10127.24411,-2.683754102
01-01-2024 21:20,9853.639991,21293.62611,1,1,-0.000184039,10127.24411,-2.701664058
01-01-2024 21:21,9853.821687,21294.01864,1,1,1.84E-05,10127.24411,-2.699869927
01-01-2024 21:22,9857.247726,21301.42005,1,1,0.000347686,10127.24411,-2.666040002
01-01-2024 21:23,9851.92558,21289.9224,1,1,-0.000539922,10127.24411,-2.718592758
01-01-2024 21:24,9844.255472,21273.35235,1,1,-0.000778539,10127.24411,-2.794330132
01-01-2024 21:25,9846.184003,21277.51864,1,1,0.000195904,10127.24411,-2.775287127
01-01-2024 21:26,9836.547863,21256.70129,1,1,-0.000978668,10127.24411,-2.870437794
01-01-2024 21:27,9840.564871,21265.3794,1,1,0.000408376,10127.24411,-2.830772425
01-01-2024 21:28,9823.805437,21229.17331,1,1,-0.001703097,10127.24411,-2.996261025
01-01-2024 21:29,9833.918714,21251.02144,1,1,0.001029466,10127.24411,-2.896398938
01-01-2024 21:30,9838.567601,21261.06462,1,1,0.00047274,10127.24411,-2.850494179
01-01-2024 21:31,9841.087327,21266.50808,1,1,0.000256107,10127.24411,-2.825613518
01-01-2024 21:32,9850.760989,21287.40649,1,1,0.000982987,10127.24411,-2.730092343
01-01-2024 21:33,9867.17212,21322.86012,1,1,0.001665976,10127.24411,-2.568043019
01-01-2024 21:34,9877.184093,21344.48939,1,1,0.001014675,10127.24411,-2.469181249
01-01-2024 21:35,9858.995979,21305.19687,0.5,1,-0.001841427,10127.24411,-2.648777136
01-01-2024 21:36,9848.245695,21277.93523,0.5,0.5,-0.001090404,10127.24411,-2.754929253
01-01-2024 21:37,9845.170519,21264.64038,0.5,0.5,-0.000312256,10127.24411,-2.785294625
01-01-2024 21:38,9845.298852,21265.1952,0.5,0.5,1.30E-05,10127.24411,-2.784027426
01-01-2024 21:39,9847.845093,21276.20332,0.5,0.5,0.000258625,10127.24411,-2.758884933
01-01-2024 21:40,9844.273484,21260.76224,0.5,0.5,-0.000362679,10127.24411,-2.794152269
01-01-2024 21:41,9845.191954,21264.73305,0.5,0.5,9.33E-05,10127.24411,-2.785082972
01-01-2024 21:42,9841.476486,21248.67003,0.5,0.5,-0.000377389,10127.24411,-2.821770825
01-01-2024 21:43,9838.470912,21235.67609,0.5,0.5,-0.000305399,10127.24411,-2.851448921
01-01-2024 21:44,9831.561485,21205.80469,0.5,0.5,-0.000702287,10127.24411,-2.919675054
01-01-2024 21:45,9827.033003,21186.22679,0,0.5,-0.000460607,10127.24411,-2.964390892
01-01-2024 21:46,9825.554599,21157.58969,0,0,-0.000150443,10127.24411,-2.978989183
01-01-2024 21:47,9825.554599,21136.94256,0,0,0,10127.24411,-2.978989183
01-01-2024 21:48,9825.554599,21159.21333,0,0,0,10127.24411,-2.978989183
01-01-2024 21:49,9825.554599,21139.1248,0,0,0,10127.24411,-2.978989183
01-01-2024 21:50,9825.554599,21194.77105,0,0,0,10127.24411,-2.978989183
01-01-2024 21:51,9825.554599,21205.22681,0,0,0,10127.24411,-2.978989183
01-01-2024 21:52,9825.554599,21209.1463,0,0,0,10127.24411,-2.978989183
01-01-2024 21:53,9825.554599,21190.94127,0,0,0,10127.24411,-2.978989183
01-01-2024 21:54,9825.554599,21205.78149,0,0,0,10127.24411,-2.978989183
01-01-2024 21:55,9825.554599,21193.57464,0,0,0,10127.24411,-2.978989183
01-01-2024 21:56,9825.554599,21196.16047,0,0,0,10127.24411,-2.978989183
01-01-2024 21:57,9825.554599,21250.42443,0,0,0,10127.24411,-2.978989183
01-01-2024 21:58,9825.554599,21248.38312,0,0,0,10127.24411,-2.978989183
01-01-2024 21:59,9825.554599,21272.80332,0,0,0,10127.24411,-2.978989183
01-01-2024 22:00,9825.554599,21257.84478,0,0,0,10127.24411,-2.978989183
01-01-2024 22:01,9825.554599,21257.101,0,0,0,10127.24411,-2.978989183
01-01-2024 22:02,9825.554599,21294.74309,0,0,0,10127.24411,-2.978989183
01-01-2024 22:03,9825.554599,21281.39199,0,0,0,10127.24411,-2.978989183
01-01-2024 22:04,9825.554599,21319.96342,0,0,0,10127.24411,-2.978989183
01-01-2024 22:05,9825.554599,21335.05266,-1,0,0,10127.24411,-2.978989183
01-01-2024 22:06,9828.13348,21323.0524,-1,-1,0.000262467,10127.24411,-2.953524391
01-01-2024 22:07,9821.923219,21336.53727,-1,-1,-0.000631886,10127.24411,-3.014846718
01-01-2024 22:08,9812.366667,21357.28821,-1,-1,-0.000972982,10127.24411,-3.109211499
01-01-2024 22:09,9806.250672,21370.56838,-1,-1,-0.000623295,10127.24411,-3.169603005
01-01-2024 22:10,9821.704683,21337.01179,-1,-1,0.001575935,10127.24411,-3.017004613
01-01-2024 22:11,9828.849865,21321.49686,-1,-1,0.000727489,10127.24411,-2.946450551
01-01-2024 22:12,9831.280328,21316.21939,-1,-1,0.000247278,10127.24411,-2.922451301
01-01-2024 22:13,9832.011032,21314.63275,-1,-1,7.43E-05,10127.24411,-2.915236069
01-01-2024 22:14,9825.918421,21327.86215,-1,-1,-0.000619671,10127.24411,-2.975396668
01-01-2024 22:15,9824.172999,21331.65213,-1,-1,-0.000177635,10127.24411,-2.992631588
01-01-2024 22:16,9837.291407,21303.16703,-1,-1,0.001335319,10127.24411,-2.863095778
01-01-2024 22:17,9833.561335,21311.26645,-1,-1,-0.000379177,10127.24411,-2.89992783
01-01-2024 22:18,9827.56868,21324.2788,-1,-1,-0.000609408,10127.24411,-2.95910143
01-01-2024 22:19,9822.071206,21336.21593,-1,-1,-0.000559393,10127.24411,-3.013385439
01-01-2024 22:20,9811.451357,21359.2757,-1,-1,-0.001081223,10127.24411,-3.118249595
01-01-2024 22:21,9803.248306,21377.08767,-1,-1,-0.000836069,10127.24411,-3.199249425
01-01-2024 22:22,9798.727718,21386.90361,-1,-1,-0.000461132,10127.24411,-3.243887314
01-01-2024 22:23,9799.418811,21385.40298,-1,-1,7.05E-05,10127.24411,-3.237063222
01-01-2024 22:24,9815.777188,21349.88266,-1,-1,0.001669321,10127.24411,-3.075534806
01-01-2024 22:25,9811.553016,21359.05496,-1,-1,-0.000430345,10127.24411,-3.117245774
01-01-2024 22:26,9809.510074,21363.49097,-1,-1,-0.000208218,10127.24411,-3.137418512
01-01-2024 22:27,9806.838104,21369.29284,-1,-1,-0.000272386,10127.24411,-3.163802487
01-01-2024 22:28,9819.403,21342.00963,-1,-1,0.001281238,10127.24411,-3.039732251
01-01-2024 22:29,9830.028444,21318.93771,-1,-1,0.001082087,10127.24411,-2.934812851
01-01-2024 22:30,9819.688449,21341.38981,-1,-1,-0.001051878,10127.24411,-3.036913628
01-01-2024 22:31,9820.077215,21340.54565,-1,-1,3.96E-05,10127.24411,-3.033074807
01-01-2024 22:32,9813.379369,21355.08924,-1,-1,-0.000682056,10127.24411,-3.099211717
01-01-2024 22:33,9813.100864,21355.69399,-1,-1,-2.84E-05,10127.24411,-3.101961775
01-01-2024 22:34,9812.808211,21356.32945,-1,-1,-2.98E-05,10127.24411,-3.104851538
01-01-2024 22:35,9803.579858,21376.36775,1,-1,-0.00094044,10127.24411,-3.195975566
01-01-2024 22:36,9792.634437,21365.33658,1,1,-0.001116472,10127.24411,-3.304054531
01-01-2024 22:37,9793.575996,21367.39024,1,1,9.61E-05,10127.24411,-3.294757251
01-01-2024 22:38,9789.047308,21357.51262,1,1,-0.000462414,10127.24411,-3.339475116
01-01-2024 22:39,9784.792727,21348.23286,1,1,-0.000434627,10127.24411,-3.381486364
01-01-2024 22:40,9781.766632,21341.63258,1,1,-0.000309265,10127.24411,-3.411367091
01-01-2024 22:41,9783.940146,21346.37328,1,1,0.000222201,10127.24411,-3.389905045
01-01-2024 22:42,9779.254691,21336.15373,1,1,-0.000478892,10127.24411,-3.436170894
01-01-2024 22:43,9791.538742,21362.94674,1,1,0.001256134,10127.24411,-3.314873816
01-01-2024 22:44,9782.77653,21343.83529,1,1,-0.000894876,10127.24411,-3.401395009
01-01-2024 22:45,9780.947857,21339.84673,1,1,-0.000186928,10127.24411,-3.419451974
01-01-2024 22:46,9776.645577,21330.46294,1,1,-0.000439863,10127.24411,-3.461934207
01-01-2024 22:47,9790.796421,21361.32765,1,1,0.001447413,10127.24411,-3.322203752
01-01-2024 22:48,9792.721427,21365.52632,1,1,0.000196614,10127.24411,-3.303195563
01-01-2024 22:49,9802.829027,21387.57222,1,1,0.001032154,10127.24411,-3.203389536
01-01-2024 22:50,9788.261965,21355.79969,1,1,-0.001486006,10127.24411,-3.347229874
01-01-2024 22:51,9790.876708,21361.50276,1,1,0.00026713,10127.24411,-3.321410973
01-01-2024 22:52,9799.589589,21380.50661,1,1,0.000889898,10127.24411,-3.235376895
01-01-2024 22:53,9800.39618,21382.26589,1,1,8.23E-05,10127.24411,-3.227412327
01-01-2024 22:54,9810.841443,21405.04827,1,1,0.0010658,10127.24411,-3.1242721
01-01-2024 22:55,9805.764887,21393.97569,1,1,-0.000517443,10127.24411,-3.174399814
01-01-2024 22:56,9819.58876,21424.12723,1,1,0.00140977,10127.24411,-3.037897985
01-01-2024 22:57,9842.169754,21473.37912,1,1,0.002299586,10127.24411,-2.814925248
01-01-2024 22:58,9838.597568,21465.58775,1,1,-0.000362947,10127.24411,-2.850198275
01-01-2024 22:59,9834.213138,21456.02478,1,1,-0.000445636,10127.24411,-2.89349169
01-01-2024 23:00,9848.510304,21487.20863,1,1,0.001453819,10127.24411,-2.752316403
01-01-2024 23:01,9864.071381,21521.14923,1,1,0.001580044,10127.24411,-2.598660812
01-01-2024 23:02,9858.912315,21509.89668,1,1,-0.000523016,10127.24411,-2.649603259
01-01-2024 23:03,9854.768495,21500.8585,1,1,-0.000420312,10127.24411,-2.690520811
01-01-2024 23:04,9851.990744,21494.79989,1,1,-0.000281869,10127.24411,-2.717949306
01-01-2024 23:05,9838.741277,21465.9012,1,1,-0.001344852,10127.24411,-2.848779241
01-01-2024 23:06,9829.700197,21446.1815,1,1,-0.000918926,10127.24411,-2.93805407
01-01-2024 23:07,9819.826842,21424.64652,1,1,-0.001004441,10127.24411,-3.035547079
01-01-2024 23:08,9812.284946,21408.19673,1,1,-0.000768027,10127.24411,-3.110018441
01-01-2024 23:09,9811.944506,21407.45419,1,1,-3.47E-05,10127.24411,-3.113380066
01-01-2024 23:10,9814.243296,21412.46813,1,1,0.000234285,10127.24411,-3.090680993
01-01-2024 23:11,9829.464844,21445.66817,1,1,0.001550965,10127.24411,-2.940378031
01-01-2024 23:12,9819.648623,21424.2578,1,1,-0.000998653,10127.24411,-3.037306882
01-01-2024 23:13,9829.317217,21445.34618,1,1,0.000984617,10127.24411,-2.941835754
01-01-2024 23:14,9827.213224,21440.75711,1,1,-0.000214053,10127.24411,-2.962611331
01-01-2024 23:15,9826.726988,21439.69657,0.5,1,-4.95E-05,10127.24411,-2.967412596
01-01-2024 23:16,9825.627872,21454.1645,0.5,0.5,-0.00011185,10127.24411,-2.97826566
01-01-2024 23:17,9820.109459,21430.07744,0.5,0.5,-0.000561635,10127.24411,-3.03275642
01-01-2024 23:18,9821.986972,21438.27251,0.5,0.5,0.000191191,10127.24411,-3.014217189
01-01-2024 23:19,9822.804514,21441.84095,0.5,0.5,8.32E-05,10127.24411,-3.006144497
01-01-2024 23:20,9825.223624,21452.40002,0.5,0.5,0.000246275,10127.24411,-2.982257347
01-01-2024 23:21,9826.644831,21458.60338,0.5,0.5,0.000144649,10127.24411,-2.968223843
01-01-2024 23:22,9838.715639,21511.29069,0.5,0.5,0.001228375,10127.24411,-2.849032405
01-01-2024 23:23,9835.572667,21497.57208,0.5,0.5,-0.000319449,10127.24411,-2.880067218
01-01-2024 23:24,9832.957426,21486.15693,0.5,0.5,-0.000265896,10127.24411,-2.905891037
01-01-2024 23:25,9829.889994,21472.76804,0,0.5,-0.000311954,10127.24411,-2.936179955
01-01-2024 23:26,9828.416426,21460.84041,0,0,-0.000149907,10127.24411,-2.950730488
01-01-2024 23:27,9828.416426,21447.16154,0,0,0,10127.24411,-2.950730488
01-01-2024 23:28,9828.416426,21472.66257,0,0,0,10127.24411,-2.950730488
01-01-2024 23:29,9828.416426,21503.16458,0,0,0,10127.24411,-2.950730488
01-01-2024 23:30,9828.416426,21490.89173,0,0,0,10127.24411,-2.950730488
01-01-2024 23:31,9828.416426,21473.00367,0,0,0,10127.24411,-2.950730488
01-01-2024 23:32,9828.416426,21483.12637,0,0,0,10127.24411,-2.950730488
01-01-2024 23:33,9828.416426,21471.2629,0,0,0,10127.24411,-2.950730488
01-01-2024 23:34,9828.416426,21484.85274,0,0,0,10127.24411,-2.950730488
01-01-2024 23:35,9828.416426,21489.21251,0,0,0,10127.24411,-2.950730488
01-01-2024 23:36,9828.416426,21456.64037,0,0,0,10127.24411,-2.950730488
01-01-2024 23:37,9828.416426,21489.84463,0,0,0,10127.24411,-2.950730488
01-01-2024 23:38,9828.416426,21528.43776,0,0,0,10127.24411,-2.950730488
01-01-2024 23:39,9828.416426,21515.24538,0,0,0,10127.24411,-2.950730488
01-01-2024 23:40,9828.416426,21506.90388,0,0,0,10127.24411,-2.950730488
01-01-2024 23:41,9828.416426,21513.05196,0,0,0,10127.24411,-2.950730488
01-01-2024 23:42,9828.416426,21520.24715,0,0,0,10127.24411,-2.950730488
01-01-2024 23:43,9828.416426,21534.41918,0,0,0,10127.24411,-2.950730488
01-01-2024 23:44,9828.416426,21577.70777,0,0,0,10127.24411,-2.950730488
01-01-2024 23:45,9828.416426,21573.88966,-1,0,0,10127.24411,-2.950730488
01-01-2024 23:46,9833.313898,21556.66728,-1,-1,0.000498297,10127.24411,-2.902371105
01-01-2024 23:47,9846.8596,21526.93375,-1,-1,0.001377532,10127.24411,-2.768616043
01-01-2024 23:48,9854.027849,21511.19907,-1,-1,0.000727973,10127.24411,-2.69783421
01-01-2024 23:49,9854.352489,21510.48647,-1,-1,3.29E-05,10127.24411,-2.694628604
01-01-2024 23:50,9836.766662,21549.08828,-1,-1,-0.001784575,10127.24411,-2.868277296
01-01-2024 23:51,9841.848113,21537.93423,-1,-1,0.000516577,10127.24411,-2.818101246
01-01-2024 23:52,9839.652297,21542.75416,-1,-1,-0.00022311,10127.24411,-2.839783507
01-01-2024 23:53,9839.813475,21542.40037,-1,-1,1.64E-05,10127.24411,-2.838191977
01-01-2024 23:54,9828.1505,21568.00121,-1,-1,-0.001185284,10127.24411,-2.953356336
01-01-2024 23:55,9803.321534,21622.50209,-1,-1,-0.002526311,10127.24411,-3.198526347
01-01-2024 23:56,9808.55089,21611.02338,-1,-1,0.000533427,10127.24411,-3.146889829
01-01-2024 23:57,9813.369585,21600.44609,-1,-1,0.000491275,10127.24411,-3.09930833
01-01-2024 23:58,9803.094504,21623.00044,-1,-1,-0.001047049,10127.24411,-3.200768119
01-01-2024 23:59,9796.377335,21637.74498,-1,-1,-0.000685209,10127.24411,-3.267095836
02-01-2024 00:00,9778.173404,21677.70356,-1,-1,-0.001858231,10127.24411,-3.446847901
02-01-2024 00:01,9772.406698,21690.36178,-1,-1,-0.000589753,10127.24411,-3.5037904
02-01-2024 00:02,9775.957035,21682.5686,-1,-1,0.000363302,10127.24411,-3.468733116
02-01-2024 00:03,9770.12259,21695.37552,-1,-1,-0.000596816,10127.24411,-3.5263445
02-01-2024 00:04,9759.164428,21719.42926,-1,-1,-0.001121599,10127.24411,-3.634549278
02-01-2024 00:05,9751.045986,21737.24966,-1,-1,-0.000831879,10127.24411,-3.714713647
02-01-2024 00:06,9746.022533,21748.27641,-1,-1,-0.000515171,10127.24411,-3.764317001
02-01-2024 00:07,9735.454068,21771.47474,-1,-1,-0.001084388,10127.24411,-3.868673777
02-01-2024 00:08,9723.856491,21796.93203,-1,-1,-0.001191272,10127.24411,-3.983192363
02-01-2024 00:09,9710.131614,21827.05886,-1,-1,-0.001411464,10127.24411,-4.118716669
02-01-2024 00:10,9703.681003,21841.21829,-1,-1,-0.000664318,10127.24411,-4.182412286
02-01-2024 00:11,9705.343862,21837.56822,-1,-1,0.000171364,10127.24411,-4.165992628
02-01-2024 00:12,9703.884275,21840.77209,-1,-1,-0.00015039,10127.24411,-4.180405108
02-01-2024 00:13,9691.879511,21867.12318,-1,-1,-0.001237109,10127.24411,-4.298944408
02-01-2024 00:14,9700.017828,21849.25915,-1,-1,0.000839705,10127.24411,-4.218583779
02-01-2024 00:15,9696.348103,21857.31439,1,-1,-0.000378321,10127.24411,-4.254819944
02-01-2024 00:16,9686.678768,21848.71706,1,1,-0.000997214,10127.24411,-4.350298388
02-01-2024 00:17,9686.957293,21849.34509,1,1,2.88E-05,10127.24411,-4.347548129
02-01-2024 00:18,9699.34532,21877.27843,1,1,0.001278836,10127.24411,-4.225224363
02-01-2024 00:19,9701.199411,21881.45916,1,1,0.000191156,10127.24411,-4.206916406
02-01-2024 00:20,9701.650037,21882.47526,1,1,4.65E-05,10127.24411,-4.202466772
02-01-2024 00:21,9688.453234,21852.71824,1,1,-0.001360264,10127.24411,-4.332776684
02-01-2024 00:22,9695.685447,21869.02591,1,1,0.000746478,10127.24411,-4.261363249
02-01-2024 00:23,9701.945735,21883.14202,1,1,0.000645678,10127.24411,-4.199546938
02-01-2024 00:24,9722.939806,21930.48083,1,1,0.002163903,10127.24411,-3.992244038
02-01-2024 00:25,9719.946402,21923.7311,1,1,-0.00030787,10127.24411,-4.021801974
02-01-2024 00:26,9722.077169,21928.5357,1,1,0.000219216,10127.24411,-4.000762027
02-01-2024 00:27,9724.502421,21934.00431,1,1,0.000249458,10127.24411,-3.976814223
02-01-2024 00:28,9739.846957,21968.60418,1,1,0.001577925,10127.24411,-3.825296837
02-01-2024 00:29,9738.918516,21966.51067,1,1,-9.53E-05,10127.24411,-3.834464593
02-01-2024 00:30,9741.636695,21972.6398,1,1,0.000279105,10127.24411,-3.807624326
02-01-2024 00:31,9747.56037,21985.99689,1,1,0.000608078,10127.24411,-3.749131861
02-01-2024 00:32,9749.379896,21990.09968,1,1,0.000186665,10127.24411,-3.731165213
02-01-2024 00:33,9745.026147,21980.28256,1,1,-0.000446567,10127.24411,-3.774155676
02-01-2024 00:34,9746.918123,21984.54871,1,1,0.000194148,10127.24411,-3.755473629
02-01-2024 00:35,9757.385846,22008.15202,1,1,0.001073952,10127.24411,-3.652111621
02-01-2024 00:36,9747.366755,21985.56032,1,1,-0.001026821,10127.24411,-3.751043679
02-01-2024 00:37,9748.663246,21988.48373,1,1,0.000133009,10127.24411,-3.738241668
02-01-2024 00:38,9741.835968,21973.08914,1,1,-0.00070033,10127.24411,-3.805656633
02-01-2024 00:39,9753.481392,21999.348,1,1,0.001195403,10127.24411,-3.690665591
02-01-2024 00:40,9738.620587,21965.83888,1,1,-0.001523641,10127.24411,-3.837406446
02-01-2024 00:41,9733.175834,21953.5617,1,1,-0.000559089,10127.24411,-3.89116987
02-01-2024 00:42,9736.8484,21961.84284,1,1,0.000377325,10127.24411,-3.854905646
02-01-2024 00:43,9752.096223,21996.22463,1,1,0.001565992,10127.24411,-3.704343237
02-01-2024 00:44,9751.454829,21994.77837,1,1,-6.58E-05,10127.24411,-3.71067659
02-01-2024 00:45,9746.039211,21982.56688,1,1,-0.000555365,10127.24411,-3.764152319
02-01-2024 00:46,9764.378512,22023.91955,1,1,0.001881718,10127.24411,-3.583063557
02-01-2024 00:47,9750.235346,21992.0286,1,1,-0.001448445,10127.24411,-3.7227182
02-01-2024 00:48,9728.790076,21943.6724,1,1,-0.002199462,10127.24411,-3.934476399
02-01-2024 00:49,9733.072164,21953.32793,1,1,0.000440146,10127.24411,-3.892193546
02-01-2024 00:50,9728.184174,21942.30617,1,1,-0.000502204,10127.24411,-3.940459293
02-01-2024 00:51,9718.246463,21919.89797,1,1,-0.001021538,10127.24411,-4.038587772
02-01-2024 00:52,9725.132505,21935.42507,1,1,0.000708568,10127.24411,-3.970592547
02-01-2024 00:53,9727.504209,21940.77294,1,1,0.000243874,10127.24411,-3.947173508
02-01-2024 00:54,9722.015491,21928.39662,1,1,-0.000564247,10127.24411,-4.001371053
02-01-2024 00:55,9709.564629,21900.3216,0.5,1,-0.001280687,10127.24411,-4.124315283
02-01-2024 00:56,9709.434932,21919.42869,0.5,0.5,-1.34E-05,10127.24411,-4.125595953
02-01-2024 00:57,9712.593325,21933.68073,0.5,0.5,0.000325291,10127.24411,-4.094408861
02-01-2024 00:58,9712.111259,21931.50544,0.5,0.5,-4.96E-05,10127.24411,-4.099168953
02-01-2024 00:59,9721.086356,21972.00497,0.5,0.5,0.000924114,10127.24411,-4.010545662
02-01-2024 01:00,9715.875884,21948.49306,0.5,0.5,-0.000535997,10127.24411,-4.061995708
02-01-2024 01:01,9708.455724,21915.01008,0.5,0.5,-0.000763715,10127.24411,-4.135264998
02-01-2024 01:02,9705.095415,21899.84691,0.5,0.5,-0.000346122,10127.24411,-4.168445884
02-01-2024 01:03,9704.874176,21898.84858,0.5,0.5,-2.28E-05,10127.24411,-4.170630477
02-01-2024 01:04,9706.055103,21904.17744,0.5,0.5,0.000121684,10127.24411,-4.158969587
02-01-2024 01:05,9704.884099,21898.89336,0,0.5,-0.000120647,10127.24411,-4.170532495
02-01-2024 01:06,9703.4281,21906.60298,0,0,-0.000150027,10127.24411,-4.184909541
02-01-2024 01:07,9703.4281,21879.18601,0,0,0,10127.24411,-4.184909541
02-01-2024 01:08,9703.4281,21910.7744,0,0,0,10127.24411,-4.184909541
02-01-2024 01:09,9703.4281,21908.97441,0,0,0,10127.24411,-4.184909541
02-01-2024 01:10,9703.4281,21933.45321,0,0,0,10127.24411,-4.184909541
02-01-2024 01:11,9703.4281,21940.97036,0,0,0,10127.24411,-4.184909541
02-01-2024 01:12,9703.4281,21950.99197,0,0,0,10127.24411,-4.184909541
02-01-2024 01:13,9703.4281,21963.49893,0,0,0,10127.24411,-4.184909541
02-01-2024 01:14,9703.4281,21973.33217,0,0,0,10127.24411,-4.184909541
02-01-2024 01:15,9703.4281,21987.45494,0,0,0,10127.24411,-4.184909541
02-01-2024 01:16,9703.4281,22016.67962,0,0,0,10127.24411,-4.184909541
02-01-2024 01:17,9703.4281,22021.00636,0,0,0,10127.24411,-4.184909541
02-01-2024 01:18,9703.4281,22036.61934,0,0,0,10127.24411,-4.184909541
02-01-2024 01:19,9703.4281,22034.64187,0,0,0,10127.24411,-4.184909541
02-01-2024 01:20,9703.4281,22066.37433,0,0,0,10127.24411,-4.184909541
02-01-2024 01:21,9703.4281,22051.44881,0,0,0,10127.24411,-4.184909541
02-01-2024 01:22,9703.4281,22091.16215,0,0,0,10127.24411,-4.184909541
02-01-2024 01:23,9703.4281,22090.27502,0,0,0,10127.24411,-4.184909541
02-01-2024 01:24,9703.4281,22058.6688,0,0,0,10127.24411,-4.184909541
02-01-2024 01:25,9703.4281,22061.49461,-1,0,0,10127.24411,-4.184909541
02-01-2024 01:26,9707.125608,22046.4696,-1,-1,0.000381052,10127.24411,-4.148399042
02-01-2024 01:27,9698.974039,22065.00282,-1,-1,-0.000839751,10127.24411,-4.228890523
02-01-2024 01:28,9705.307736,22050.60267,-1,-1,0.000653028,10127.24411,-4.166349354
02-01-2024 01:29,9709.635107,22040.76406,-1,-1,0.000445877,10127.24411,-4.123619354
02-01-2024 01:30,9727.952901,21999.11713,-1,-1,0.001886558,10127.24411,-3.942742963
02-01-2024 01:31,9732.329413,21989.16679,-1,-1,0.00044989,10127.24411,-3.899527726
02-01-2024 01:32,9755.772243,21935.86771,-1,-1,0.002408758,10127.24411,-3.668044914
02-01-2024 01:33,9771.054011,21901.12342,-1,-1,0.001566433,10127.24411,-3.517147313
02-01-2024 01:34,9763.729019,21917.77736,-1,-1,-0.000749662,10127.24411,-3.589476879
02-01-2024 01:35,9756.153736,21935.00035,-1,-1,-0.00077586,10127.24411,-3.664277913
02-01-2024 01:36,9752.04901,21944.33276,-1,-1,-0.000420732,10127.24411,-3.704809432
02-01-2024 01:37,9761.382164,21923.11312,-1,-1,0.000957045,10127.24411,-3.612650566
02-01-2024 01:38,9761.842223,21922.06714,-1,-1,4.71E-05,10127.24411,-3.608107773
02-01-2024 01:39,9761.876959,21921.98816,-1,-1,3.56E-06,10127.24411,-3.607764777
02-01-2024 01:40,9773.045991,21896.5945,-1,-1,0.001144148,10127.24411,-3.4974778
02-01-2024 01:41,9758.566913,21929.51381,-1,-1,-0.001481532,10127.24411,-3.640449346
02-01-2024 01:42,9750.104422,21948.75394,-1,-1,-0.000867186,10127.24411,-3.724010985
02-01-2024 01:43,9752.237575,21943.90405,-1,-1,0.000218783,10127.24411,-3.702947476
02-01-2024 01:44,9751.978081,21944.49403,-1,-1,-2.66E-05,10127.24411,-3.705509815
02-01-2024 01:45,9749.966777,21949.06688,-1,-1,-0.000206246,10127.24411,-3.725370144
02-01-2024 01:46,9769.677641,21904.25271,-1,-1,0.002021634,10127.24411,-3.530738079
02-01-2024 01:47,9772.059014,21898.83847,-1,-1,0.000243751,10127.24411,-3.507223557
02-01-2024 01:48,9778.627809,21883.90381,-1,-1,0.000672202,10127.24411,-3.442360949
02-01-2024 01:49,9788.268719,21861.98445,-1,-1,0.000985916,10127.24411,-3.34716318
02-01-2024 01:50,9790.971689,21855.83904,-1,-1,0.000276144,10127.24411,-3.320473101
02-01-2024 01:51,9773.690576,21895.12899,-1,-1,-0.001765005,10127.24411,-3.491112938
02-01-2024 01:52,9767.519096,21909.16033,-1,-1,-0.000631438,10127.24411,-3.55205232
02-01-2024 01:53,9773.02322,21896.64628,-1,-1,0.000563513,10127.24411,-3.497702646
02-01-2024 01:54,9767.50872,21909.18392,-1,-1,-0.000564257,10127.24411,-3.552154776
